"village","timepoint","village_id","locus","allele_frequency","allele_count_observed"
"px_kigali_1",1,1,"Marker_1",0.557604235532473,9
"px_kigali_1",1,1,"Marker_2",0.348480839033714,3
"px_kigali_1",2,1,"Marker_1",0.569461398762571,13
"px_kigali_1",2,1,"Marker_2",0.359776452005425,4
"px_kigali_2",1,2,"Marker_1",0.693626957234167,15
"px_kigali_2",1,2,"Marker_2",0.0213495474093741,0
"px_kigali_2",2,2,"Marker_1",0.698599344235052,17
"px_kigali_2",2,2,"Marker_2",0.0220067542881769,1
"px_kigali_3",1,3,"Marker_1",0.360761575982265,9
"px_kigali_3",1,3,"Marker_2",0.846481658742682,16
"px_kigali_3",2,3,"Marker_1",0.366279678760583,10
"px_kigali_3",2,3,"Marker_2",0.848681745435721,19
"px_kigali_4",1,4,"Marker_1",0.704047561824936,15
"px_kigali_4",1,4,"Marker_2",0.916992576961625,18
"px_kigali_4",2,4,"Marker_1",0.706720974890135,14
"px_kigali_4",2,4,"Marker_2",0.918028081510146,20
"px_kigali_5",1,5,"Marker_1",0.610591400219641,11
"px_kigali_5",1,5,"Marker_2",0.215196304499655,5
"px_kigali_5",2,5,"Marker_1",0.652013771626822,13
"px_kigali_5",2,5,"Marker_2",0.256196482615612,7
"px_kigali_6",1,6,"Marker_1",0.770237581026632,15
"px_kigali_6",1,6,"Marker_2",0.906649645460651,18
"px_kigali_6",2,6,"Marker_1",0.788398123443556,18
"px_kigali_6",2,6,"Marker_2",0.917030128989012,18
"px_kigali_7",1,7,"Marker_1",0.769418233692593,16
"px_kigali_7",1,7,"Marker_2",0.843637215525334,16
"px_kigali_7",2,7,"Marker_1",0.781773109937289,17
"px_kigali_7",2,7,"Marker_2",0.854842716942686,15
"px_kigali_8",1,8,"Marker_1",0.164799480214323,4
"px_kigali_8",1,8,"Marker_2",0.699914418695298,15
"px_kigali_8",2,8,"Marker_1",0.177135749008182,5
"px_kigali_8",2,8,"Marker_2",0.711036507056945,15
"px_kigali_9",1,9,"Marker_1",0.198669462324245,7
"px_kigali_9",1,9,"Marker_2",0.0590686739343363,0
"px_kigali_9",2,9,"Marker_1",0.206430118204029,3
"px_kigali_9",2,9,"Marker_2",0.0611022086208459,2
"px_kigali_10",1,10,"Marker_1",0.629541751490969,13
"px_kigali_10",1,10,"Marker_2",0.379772456658774,6
"px_kigali_10",2,10,"Marker_1",0.634128762652031,10
"px_kigali_10",2,10,"Marker_2",0.384890989579285,10
"px_kigali_11",1,11,"Marker_1",0.662726025414365,11
"px_kigali_11",1,11,"Marker_2",0.169370953993744,3
"px_kigali_11",2,11,"Marker_1",0.666057271011886,15
"px_kigali_11",2,11,"Marker_2",0.171919612776652,3
"px_kigali_12",1,12,"Marker_1",0.132042907385581,5
"px_kigali_12",1,12,"Marker_2",0.639076932225019,16
"px_kigali_12",2,12,"Marker_1",0.134769388371181,0
"px_kigali_12",2,12,"Marker_2",0.642404742643179,14
"px_kigali_13",1,13,"Marker_1",0.26024306351906,2
"px_kigali_13",1,13,"Marker_2",0.778362132085691,17
"px_kigali_13",2,13,"Marker_1",0.343907097700738,8
"px_kigali_13",2,13,"Marker_2",0.818478077937127,18
"px_kigali_14",1,14,"Marker_1",0.0236683555139993,0
"px_kigali_14",1,14,"Marker_2",0.851474671453534,18
"px_kigali_14",2,14,"Marker_1",0.0361220061988838,1
"px_kigali_14",2,14,"Marker_2",0.875573821517281,19
"px_kigali_15",1,15,"Marker_1",0.679724119046434,12
"px_kigali_15",1,15,"Marker_2",0.952864198860144,19
"px_kigali_15",2,15,"Marker_1",0.710329330382895,13
"px_kigali_15",2,15,"Marker_2",0.959139623459979,19
"px_kigali_16",1,16,"Marker_1",0.972458091317003,20
"px_kigali_16",1,16,"Marker_2",0.827174986117026,13
"px_kigali_16",2,16,"Marker_1",0.973873719910965,20
"px_kigali_16",2,16,"Marker_2",0.841520298879804,19
"px_kigali_17",1,17,"Marker_1",0.0981053516948371,2
"px_kigali_17",1,17,"Marker_2",0.0715292566940247,0
"px_kigali_17",2,17,"Marker_1",0.108365644263356,0
"px_kigali_17",2,17,"Marker_2",0.0768183060988344,1
"px_kigali_18",1,18,"Marker_1",0.650239267737319,12
"px_kigali_18",1,18,"Marker_2",0.322945543716729,3
"px_kigali_18",2,18,"Marker_1",0.658552338922937,15
"px_kigali_18",2,18,"Marker_2",0.332359972187359,7
"px_kigali_19",1,19,"Marker_1",0.827167078364562,17
"px_kigali_19",1,19,"Marker_2",0.860485041240262,19
"px_kigali_19",2,19,"Marker_1",0.829845473176443,20
"px_kigali_19",2,19,"Marker_2",0.86346537144312,17
"px_kigali_20",1,20,"Marker_1",0.560890057454271,16
"px_kigali_20",1,20,"Marker_2",0.513261589737563,14
"px_kigali_20",2,20,"Marker_1",0.566247600493201,7
"px_kigali_20",2,20,"Marker_2",0.518554621281034,10
"px_kigali_21",1,21,"Marker_1",0.288326310294033,6
"px_kigali_21",1,21,"Marker_2",0.251783965534977,5
"px_kigali_21",2,21,"Marker_1",0.394978056899116,7
"px_kigali_21",2,21,"Marker_2",0.338395129310644,6
"px_kigali_22",1,22,"Marker_1",0.625576229587272,8
"px_kigali_22",1,22,"Marker_2",0.894077834119607,16
"px_kigali_22",2,22,"Marker_1",0.685144211867692,18
"px_kigali_22",2,22,"Marker_2",0.91635819571543,16
"px_kigali_23",1,23,"Marker_1",0.788436598787249,13
"px_kigali_23",1,23,"Marker_2",0.915296050650199,20
"px_kigali_23",2,23,"Marker_1",0.815065873089584,16
"px_kigali_23",2,23,"Marker_2",0.930678912678665,20
"px_kigali_24",1,24,"Marker_1",0.670351406301205,9
"px_kigali_24",1,24,"Marker_2",0.657560657696564,12
"px_kigali_24",2,24,"Marker_1",0.704241212409401,14
"px_kigali_24",2,24,"Marker_2",0.697476131434241,14
"px_kigali_25",1,25,"Marker_1",0.846015447453189,18
"px_kigali_25",1,25,"Marker_2",0.0152861510049513,0
"px_kigali_25",2,25,"Marker_1",0.856217499152608,16
"px_kigali_25",2,25,"Marker_2",0.0178208094573312,1
"px_kigali_26",1,26,"Marker_1",0.779498892131977,16
"px_kigali_26",1,26,"Marker_2",0.657830940121445,14
"px_kigali_26",2,26,"Marker_1",0.790094467962579,17
"px_kigali_26",2,26,"Marker_2",0.676357338512968,13
"px_kigali_27",1,27,"Marker_1",0.500483615736526,10
"px_kigali_27",1,27,"Marker_2",0.300341139247624,5
"px_kigali_27",2,27,"Marker_1",0.517159159353325,11
"px_kigali_27",2,27,"Marker_2",0.314189680374838,3
"px_kigali_28",1,28,"Marker_1",0.160329224173595,4
"px_kigali_28",1,28,"Marker_2",0.848267180049321,17
"px_kigali_28",2,28,"Marker_1",0.169956993302418,2
"px_kigali_28",2,28,"Marker_2",0.853480332848391,17
"px_kigali_29",1,29,"Marker_1",0.616867371626922,15
"px_kigali_29",1,29,"Marker_2",0.718258535778965,14
"px_kigali_29",2,29,"Marker_1",0.689296996768798,12
"px_kigali_29",2,29,"Marker_2",0.783290521687134,16
"px_kigali_30",1,30,"Marker_1",0.998828200023858,20
"px_kigali_30",1,30,"Marker_2",0.56599277959177,11
"px_kigali_30",2,30,"Marker_1",0.99897378077454,20
"px_kigali_30",2,30,"Marker_2",0.651361981307689,13
"px_kigali_31",1,31,"Marker_1",0.790251377228758,17
"px_kigali_31",1,31,"Marker_2",0.770246143859753,11
"px_kigali_31",2,31,"Marker_1",0.821183637593279,16
"px_kigali_31",2,31,"Marker_2",0.81631851209748,17
"px_kigali_32",1,32,"Marker_1",0.338168189519999,7
"px_kigali_32",1,32,"Marker_2",0.125960702546784,2
"px_kigali_32",2,32,"Marker_1",0.415896044104384,10
"px_kigali_32",2,32,"Marker_2",0.165395552333798,0
"px_kigali_33",1,33,"Marker_1",0.828549578702462,14
"px_kigali_33",1,33,"Marker_2",0.583693388419723,11
"px_kigali_33",2,33,"Marker_1",0.845272950361109,18
"px_kigali_33",2,33,"Marker_2",0.630299203631378,9
"px_kigali_34",1,34,"Marker_1",0.799727084636962,16
"px_kigali_34",1,34,"Marker_2",0.532764211159387,14
"px_kigali_34",2,34,"Marker_1",0.815842429025612,15
"px_kigali_34",2,34,"Marker_2",0.571237673149495,12
"px_kigali_35",1,35,"Marker_1",0.849160665126193,18
"px_kigali_35",1,35,"Marker_2",0.613873033648052,10
"px_kigali_35",2,35,"Marker_1",0.858832844767131,16
"px_kigali_35",2,35,"Marker_2",0.642358415126696,14
"px_kigali_36",1,36,"Marker_1",0.960125789040237,20
"px_kigali_36",1,36,"Marker_2",0.976110008243821,20
"px_kigali_36",2,36,"Marker_1",0.965827882528465,19
"px_kigali_36",2,36,"Marker_2",0.982346216268922,20
"px_kigali_37",1,37,"Marker_1",0.00242318333583384,0
"px_kigali_37",1,37,"Marker_2",0.755874268118682,14
"px_kigali_37",2,37,"Marker_1",0.00522864630514172,0
"px_kigali_37",2,37,"Marker_2",0.812960606806606,18
"px_kigali_38",1,38,"Marker_1",0.653490842294205,14
"px_kigali_38",1,38,"Marker_2",0.0775469338004825,1
"px_kigali_38",2,38,"Marker_1",0.713005928336958,12
"px_kigali_38",2,38,"Marker_2",0.118338027347005,1
"px_kigali_39",1,39,"Marker_1",0.886982379149597,20
"px_kigali_39",1,39,"Marker_2",0.546104744826593,9
"px_kigali_39",2,39,"Marker_1",0.901390606270397,18
"px_kigali_39",2,39,"Marker_2",0.618662772180649,13
"px_kigali_40",1,40,"Marker_1",0.912100405985986,19
"px_kigali_40",1,40,"Marker_2",0.0347388926503993,0
"px_kigali_40",2,40,"Marker_1",0.921561693423696,19
"px_kigali_40",2,40,"Marker_2",0.0472993334223912,2
"px_kigali_41",1,41,"Marker_1",0.509483979325529,10
"px_kigali_41",1,41,"Marker_2",0.880811447377179,16
"px_kigali_41",2,41,"Marker_1",0.565060300999929,12
"px_kigali_41",2,41,"Marker_2",0.898970757462501,19
"px_kigali_42",1,42,"Marker_1",0.697337072500319,16
"px_kigali_42",1,42,"Marker_2",0.00582842755575068,0
"px_kigali_42",2,42,"Marker_1",0.728639320859488,18
"px_kigali_42",2,42,"Marker_2",0.00743754746109214,0
"px_kigali_43",1,43,"Marker_1",0.562874714707202,13
"px_kigali_43",1,43,"Marker_2",0.949896982858451,18
"px_kigali_43",2,43,"Marker_1",0.650271990644188,11
"px_kigali_43",2,43,"Marker_2",0.963025754312052,20
"px_kigali_44",1,44,"Marker_1",0.359303688036188,9
"px_kigali_44",1,44,"Marker_2",0.386762405238869,6
"px_kigali_44",2,44,"Marker_1",0.47704571729679,7
"px_kigali_44",2,44,"Marker_2",0.494522132290281,12
"px_kigali_45",1,45,"Marker_1",0.746840440969671,15
"px_kigali_45",1,45,"Marker_2",0.762415855664509,15
"px_kigali_45",2,45,"Marker_1",0.789521419184051,18
"px_kigali_45",2,45,"Marker_2",0.81549855658943,16
"px_kigali_46",1,46,"Marker_1",0.13020573728598,1
"px_kigali_46",1,46,"Marker_2",0.527235542089601,10
"px_kigali_46",2,46,"Marker_1",0.202868402874769,3
"px_kigali_46",2,46,"Marker_2",0.60617278202593,9
"px_kigali_47",1,47,"Marker_1",0.843600178746342,19
"px_kigali_47",1,47,"Marker_2",0.388919862604962,8
"px_kigali_47",2,47,"Marker_1",0.863312058935697,20
"px_kigali_47",2,47,"Marker_2",0.462267019183097,8
"px_kigali_48",1,48,"Marker_1",0.615839638471635,11
"px_kigali_48",1,48,"Marker_2",0.787591463178697,16
"px_kigali_48",2,48,"Marker_1",0.666476244097104,10
"px_kigali_48",2,48,"Marker_2",0.82269714613016,17
"px_kigali_49",1,49,"Marker_1",0.760815192534144,13
"px_kigali_49",1,49,"Marker_2",0.742482683878637,15
"px_kigali_49",2,49,"Marker_1",0.789494133218224,14
"px_kigali_49",2,49,"Marker_2",0.782032148120007,17
