"genotype_id","Marker_1","Marker_2","n_observed","z_true","n_tested","timepoint","village","latitude","longitude","genotype","village_id"
1,"SS","SS",2,0.083076139340399,10,1,"px_kigali_1",-1.81250000000067,30.0625000000017,"SSSS",1
2,"SR","SS",2,0.209421567240987,10,1,"px_kigali_1",-1.81250000000067,30.0625000000017,"SRSS",1
3,"RR","SS",1,0.131979510525146,10,1,"px_kigali_1",-1.81250000000067,30.0625000000017,"RRSS",1
4,"SS","SR",0,0.0888705796404342,10,1,"px_kigali_1",-1.81250000000067,30.0625000000017,"SSSR",1
5,"SR","SR",4,0.224028417999248,10,1,"px_kigali_1",-1.81250000000067,30.0625000000017,"SRSR",1
6,"RR","SR",0,0.141184890079825,10,1,"px_kigali_1",-1.81250000000067,30.0625000000017,"RRSR",1
7,"SS","RR",0,0.0237672934382343,10,1,"px_kigali_1",-1.81250000000067,30.0625000000017,"SSRR",1
8,"SR","RR",0,0.0599135188566835,10,1,"px_kigali_1",-1.81250000000067,30.0625000000017,"SRRR",1
9,"RR","RR",1,0.0377580828790425,10,1,"px_kigali_1",-1.81250000000067,30.0625000000017,"RRRR",1
1,"SS","SS",1,0.0743361317486627,10,2,"px_kigali_1",-1.81250000000067,30.0625000000017,"SSSS",1
2,"SR","SS",4,0.203674768096645,10,2,"px_kigali_1",-1.81250000000067,30.0625000000017,"SRSS",1
3,"RR","SS",0,0.131182411255341,10,2,"px_kigali_1",-1.81250000000067,30.0625000000017,"RRSS",1
4,"SS","SR",0,0.0839402485904633,10,2,"px_kigali_1",-1.81250000000067,30.0625000000017,"SSSR",1
5,"SR","SR",3,0.229989242962524,10,2,"px_kigali_1",-1.81250000000067,30.0625000000017,"SRSR",1
6,"RR","SR",1,0.148130982234865,10,2,"px_kigali_1",-1.81250000000067,30.0625000000017,"RRSR",1
7,"SS","RR",0,0.0233886902572462,10,2,"px_kigali_1",-1.81250000000067,30.0625000000017,"SSRR",1
8,"SR","RR",0,0.0640830502229433,10,2,"px_kigali_1",-1.81250000000067,30.0625000000017,"SRRR",1
9,"RR","RR",1,0.0412744746313094,10,2,"px_kigali_1",-1.81250000000067,30.0625000000017,"RRRR",1
1,"SS","SS",0,0.0898992983637587,10,1,"px_kigali_2",-1.81250000000067,30.1041666666683,"SSSS",2
2,"SR","SS",2,0.40706307720979,10,1,"px_kigali_2",-1.81250000000067,30.1041666666683,"SRSS",2
3,"RR","SS",6,0.460794332783226,10,1,"px_kigali_2",-1.81250000000067,30.1041666666683,"RRSS",2
4,"SS","SR",0,0.00392235925977017,10,1,"px_kigali_2",-1.81250000000067,30.1041666666683,"SSSR",2
5,"SR","SR",0,0.0177604014632445,10,1,"px_kigali_2",-1.81250000000067,30.1041666666683,"SRSR",2
6,"RR","SR",2,0.0201047277446886,10,1,"px_kigali_2",-1.81250000000067,30.1041666666683,"RRSR",2
7,"SS","RR",0,0.0000427837104286568,10,1,"px_kigali_2",-1.81250000000067,30.1041666666683,"SSRR",2
8,"SR","RR",0,0.000193724190716959,10,1,"px_kigali_2",-1.81250000000067,30.1041666666683,"SRRR",2
9,"RR","RR",0,0.000219295274376815,10,1,"px_kigali_2",-1.81250000000067,30.1041666666683,"RRRR",2
1,"SS","SS",0,0.085391028789157,10,2,"px_kigali_2",-1.81250000000067,30.1041666666683,"SSSS",2
2,"SR","SS",2,0.405777826099306,10,2,"px_kigali_2",-1.81250000000067,30.1041666666683,"SRSS",2
3,"RR","SS",8,0.465298678691255,10,2,"px_kigali_2",-1.81250000000067,30.1041666666683,"RRSS",2
4,"SS","SR",0,0.00384352346493211,10,2,"px_kigali_2",-1.81250000000067,30.1041666666683,"SSSR",2
5,"SR","SR",0,0.0182644080798317,10,2,"px_kigali_2",-1.81250000000067,30.1041666666683,"SRSR",2
6,"RR","SR",0,0.0209434927194464,10,2,"px_kigali_2",-1.81250000000067,30.1041666666683,"RRSR",2
7,"SS","RR",0,0.000042946240364468,10,2,"px_kigali_2",-1.81250000000067,30.1041666666683,"SSRR",2
8,"SR","RR",0,0.000204080361852309,10,2,"px_kigali_2",-1.81250000000067,30.1041666666683,"SRRR",2
9,"RR","RR",0,0.000234015553855014,10,2,"px_kigali_2",-1.81250000000067,30.1041666666683,"RRRR",2
1,"SS","SS",0,0.00963044339190565,10,1,"px_kigali_3",-1.81250000000067,30.145833333335,"SSSS",3
2,"SR","SS",0,0.0108701035636375,10,1,"px_kigali_3",-1.81250000000067,30.145833333335,"SRSS",3
3,"RR","SS",0,0.00306733414746518,10,1,"px_kigali_3",-1.81250000000067,30.145833333335,"RRSS",3
4,"SS","SR",4,0.106202211798193,10,1,"px_kigali_3",-1.81250000000067,30.145833333335,"SSSR",3
5,"SR","SR",0,0.119872885801294,10,1,"px_kigali_3",-1.81250000000067,30.145833333335,"SRSR",3
6,"RR","SR",0,0.0338258227091315,10,1,"px_kigali_3",-1.81250000000067,30.145833333335,"RRSR",3
7,"SS","RR",2,0.292793107550886,10,1,"px_kigali_3",-1.81250000000067,30.145833333335,"SSRR",3
8,"SR","RR",4,0.330482333188567,10,1,"px_kigali_3",-1.81250000000067,30.145833333335,"SRRR",3
9,"RR","RR",0,0.0932557578489193,10,1,"px_kigali_3",-1.81250000000067,30.145833333335,"RRRR",3
1,"SS","SS",0,0.00913598510056315,10,2,"px_kigali_3",-1.81250000000067,30.145833333335,"SSSS",3
2,"SR","SS",1,0.0106530328981604,10,2,"px_kigali_3",-1.81250000000067,30.145833333335,"SRSS",3
3,"RR","SS",0,0.00303256601069859,10,2,"px_kigali_3",-1.81250000000067,30.145833333335,"RRSS",3
4,"SS","SR",3,0.102880121482932,10,2,"px_kigali_3",-1.81250000000067,30.145833333335,"SSSR",3
5,"SR","SR",5,0.119963562403014,10,2,"px_kigali_3",-1.81250000000067,30.145833333335,"SRSR",3
6,"RR","SR",1,0.0341496572237677,10,2,"px_kigali_3",-1.81250000000067,30.145833333335,"RRSR",3
7,"SS","RR",0,0.288306022537395,10,2,"px_kigali_3",-1.81250000000067,30.145833333335,"SSRR",3
8,"SR","RR",0,0.33617978893588,10,2,"px_kigali_3",-1.81250000000067,30.145833333335,"SRRR",3
9,"RR","RR",0,0.0956992634075894,10,2,"px_kigali_3",-1.81250000000067,30.145833333335,"RRRR",3
1,"SS","SS",0,0.000603500601538251,10,1,"px_kigali_4",-1.81250000000067,30.1875000000017,"SSSS",4
2,"SR","SS",0,0.00287136088278461,10,1,"px_kigali_4",-1.81250000000067,30.1875000000017,"SRSS",4
3,"RR","SS",0,0.00341537079592051,10,1,"px_kigali_4",-1.81250000000067,30.1875000000017,"RRSS",4
4,"SS","SR",0,0.0133338815127178,10,1,"px_kigali_4",-1.81250000000067,30.1875000000017,"SSSR",4
5,"SR","SR",0,0.0634405097421862,10,1,"px_kigali_4",-1.81250000000067,30.1875000000017,"SRSR",4
6,"RR","SR",3,0.0754599902613589,10,1,"px_kigali_4",-1.81250000000067,30.1875000000017,"RRSR",4
7,"SS","RR",1,0.0736504635478839,10,1,"px_kigali_4",-1.81250000000067,30.1875000000017,"SSRR",4
8,"SR","RR",2,0.350417314400877,10,1,"px_kigali_4",-1.81250000000067,30.1875000000017,"SRRR",4
9,"RR","RR",4,0.416807608254733,10,1,"px_kigali_4",-1.81250000000067,30.1875000000017,"RRRR",4
1,"SS","SS",0,0.000570581634243548,10,2,"px_kigali_4",-1.81250000000067,30.1875000000017,"SSSS",4
2,"SR","SS",0,0.00278787267317913,10,2,"px_kigali_4",-1.81250000000067,30.1875000000017,"SRSS",4
3,"RR","SS",0,0.0033400062118633,10,2,"px_kigali_4",-1.81250000000067,30.1875000000017,"RRSS",4
4,"SS","SR",0,0.0128237383919337,10,2,"px_kigali_4",-1.81250000000067,30.1875000000017,"SSSR",4
5,"SR","SR",0,0.0626570286971593,10,2,"px_kigali_4",-1.81250000000067,30.1875000000017,"SRSR",4
6,"RR","SR",0,0.0750661488520435,10,2,"px_kigali_4",-1.81250000000067,30.1875000000017,"RRSR",4
7,"SS","RR",0,0.0717866902374124,10,2,"px_kigali_4",-1.81250000000067,30.1875000000017,"SSRR",4
8,"SR","RR",2,0.350751128322213,10,2,"px_kigali_4",-1.81250000000067,30.1875000000017,"SRRR",4
9,"RR","RR",8,0.420216804979952,10,2,"px_kigali_4",-1.81250000000067,30.1875000000017,"RRRR",4
1,"SS","SS",0,0.0933970492387106,10,1,"px_kigali_5",-1.85416666666733,29.9791666666683,"SSSS",5
2,"SR","SS",1,0.292892530380871,10,1,"px_kigali_5",-1.85416666666733,29.9791666666683,"SRSS",5
3,"RR","SS",5,0.22962726085191,10,1,"px_kigali_5",-1.85416666666733,29.9791666666683,"RRSS",5
4,"SS","SR",0,0.051219687069527,10,1,"px_kigali_5",-1.85416666666733,29.9791666666683,"SSSR",5
5,"SR","SR",1,0.160624600813323,10,1,"px_kigali_5",-1.85416666666733,29.9791666666683,"SRSR",5
6,"RR","SR",3,0.125929422174857,10,1,"px_kigali_5",-1.85416666666733,29.9791666666683,"RRSR",5
7,"SS","RR",0,0.00702232127494853,10,1,"px_kigali_5",-1.85416666666733,29.9791666666683,"SSRR",5
8,"SR","RR",0,0.0220219532001511,10,1,"px_kigali_5",-1.85416666666733,29.9791666666683,"SRRR",5
9,"RR","RR",0,0.0172651749957019,10,1,"px_kigali_5",-1.85416666666733,29.9791666666683,"RRRR",5
1,"SS","SS",0,0.0586238009718999,10,2,"px_kigali_5",-1.85416666666733,29.9791666666683,"SSSS",5
2,"SR","SS",0,0.265592878652585,10,2,"px_kigali_5",-1.85416666666733,29.9791666666683,"SRSS",5
3,"RR","SS",5,0.22586325081723,10,2,"px_kigali_5",-1.85416666666733,29.9791666666683,"RRSS",5
4,"SS","SR",0,0.0412915010201163,10,2,"px_kigali_5",-1.85416666666733,29.9791666666683,"SSSR",5
5,"SR","SR",4,0.187069559428184,10,2,"px_kigali_5",-1.85416666666733,29.9791666666683,"SRSR",5
6,"RR","SR",0,0.159086113437045,10,2,"px_kigali_5",-1.85416666666733,29.9791666666683,"RRSR",5
7,"SS","RR",0,0.00665793896375706,10,2,"px_kigali_5",-1.85416666666733,29.9791666666683,"SSRR",5
8,"SR","RR",0,0.0301635367540403,10,2,"px_kigali_5",-1.85416666666733,29.9791666666683,"SRRR",5
9,"RR","RR",1,0.0256514199551421,10,2,"px_kigali_5",-1.85416666666733,29.9791666666683,"RRRR",5
1,"SS","SS",0,0.000460034002918159,10,1,"px_kigali_6",-1.85416666666733,30.020833333335,"SSSS",6
2,"SR","SS",0,0.0030843640938048,10,1,"px_kigali_6",-1.85416666666733,30.020833333335,"SRSS",6
3,"RR","SS",0,0.00516989059664531,10,1,"px_kigali_6",-1.85416666666733,30.020833333335,"RRSS",6
4,"SS","SR",0,0.00893600603156562,10,1,"px_kigali_6",-1.85416666666733,30.020833333335,"SSSR",6
5,"SR","SR",1,0.0599127368215158,10,1,"px_kigali_6",-1.85416666666733,30.020833333335,"SRSR",6
6,"RR","SR",0,0.10042338883888,10,1,"px_kigali_6",-1.85416666666733,30.020833333335,"RRSR",6
7,"SS","RR",0,0.0433947291384785,10,1,"px_kigali_6",-1.85416666666733,30.020833333335,"SSRR",6
8,"SR","RR",5,0.29094619868549,10,1,"px_kigali_6",-1.85416666666733,30.020833333335,"SRRR",6
9,"RR","RR",4,0.487672651790702,10,1,"px_kigali_6",-1.85416666666733,30.020833333335,"RRRR",6
1,"SS","SS",0,0.000256791543615129,10,2,"px_kigali_6",-1.85416666666733,30.020833333335,"SSSS",6
2,"SR","SS",0,0.00226069606408684,10,2,"px_kigali_6",-1.85416666666733,30.020833333335,"SRSS",6
3,"RR","SS",0,0.00403793429229491,10,2,"px_kigali_6",-1.85416666666733,30.020833333335,"RRSS",6
4,"SS","SR",0,0.00598667321220638,10,2,"px_kigali_6",-1.85416666666733,30.020833333335,"SSSR",6
5,"SR","SR",2,0.052704416887238,10,2,"px_kigali_6",-1.85416666666733,30.020833333335,"SRSR",6
6,"RR","SR",0,0.0941378081225385,10,2,"px_kigali_6",-1.85416666666733,30.020833333335,"RRSR",6
7,"SS","RR",1,0.032928925295115,10,2,"px_kigali_6",-1.85416666666733,30.020833333335,"SSRR",6
8,"SR","RR",2,0.289893860059691,10,2,"px_kigali_6",-1.85416666666733,30.020833333335,"SRRR",6
9,"RR","RR",5,0.517792894523215,10,2,"px_kigali_6",-1.85416666666733,30.020833333335,"RRRR",6
1,"SS","SS",0,0.00129992026625009,10,1,"px_kigali_7",-1.85416666666733,30.0625000000017,"SSSS",7
2,"SR","SS",0,0.00867529441902605,10,1,"px_kigali_7",-1.85416666666733,30.0625000000017,"SRSS",7
3,"RR","SS",0,0.0144741056839989,10,1,"px_kigali_7",-1.85416666666733,30.0625000000017,"RRSS",7
4,"SS","SR",0,0.014027137179432,10,1,"px_kigali_7",-1.85416666666733,30.0625000000017,"SSSR",7
5,"SR","SR",3,0.0936130838537351,10,1,"px_kigali_7",-1.85416666666733,30.0625000000017,"SRSR",7
6,"RR","SR",2,0.156186707177614,10,1,"px_kigali_7",-1.85416666666733,30.0625000000017,"RRSR",7
7,"SS","RR",0,0.0378408935082296,10,1,"px_kigali_7",-1.85416666666733,30.0625000000017,"SSRR",7
8,"SR","RR",1,0.25253925243423,10,1,"px_kigali_7",-1.85416666666733,30.0625000000017,"SRRR",7
9,"RR","RR",4,0.421343605477484,10,1,"px_kigali_7",-1.85416666666733,30.0625000000017,"RRRR",7
1,"SS","SS",0,0.000902996486233901,10,2,"px_kigali_7",-1.85416666666733,30.0625000000017,"SSSS",7
2,"SR","SS",0,0.00717593675118503,10,2,"px_kigali_7",-1.85416666666733,30.0625000000017,"SRSS",7
3,"RR","SS",0,0.012500404444275,10,2,"px_kigali_7",-1.85416666666733,30.0625000000017,"RRSS",7
4,"SS","SR",0,0.0109326596099826,10,2,"px_kigali_7",-1.85416666666733,30.0625000000017,"SSSR",7
5,"SR","SR",1,0.0868797111389299,10,2,"px_kigali_7",-1.85416666666733,30.0625000000017,"SRSR",7
6,"RR","SR",4,0.151343520002327,10,2,"px_kigali_7",-1.85416666666733,30.0625000000017,"RRSR",7
7,"SS","RR",0,0.0320431363217314,10,2,"px_kigali_7",-1.85416666666733,30.0625000000017,"SSRR",7
8,"SR","RR",0,0.25464054739941,10,2,"px_kigali_7",-1.85416666666733,30.0625000000017,"SRRR",7
9,"RR","RR",5,0.443581087845924,10,2,"px_kigali_7",-1.85416666666733,30.0625000000017,"RRRR",7
1,"SS","SS",0,0.0628162157041085,10,1,"px_kigali_8",-1.85416666666733,30.1041666666683,"SSSS",8
2,"SR","SS",0,0.0247894474483122,10,1,"px_kigali_8",-1.85416666666733,30.1041666666683,"SRSS",8
3,"RR","SS",0,0.00244569295493028,10,1,"px_kigali_8",-1.85416666666733,30.1041666666683,"RRSS",8
4,"SS","SR",7,0.293022909716406,10,1,"px_kigali_8",-1.85416666666733,30.1041666666683,"SSSR",8
5,"SR","SR",3,0.115636956797626,10,1,"px_kigali_8",-1.85416666666733,30.1041666666683,"SRSR",8
6,"RR","SR",0,0.01140858388067,10,1,"px_kigali_8",-1.85416666666733,30.1041666666683,"RRSR",8
7,"SS","RR",0,0.341720782830337,10,1,"px_kigali_8",-1.85416666666733,30.1041666666683,"SSRR",8
8,"SR","RR",0,0.134854818823712,10,1,"px_kigali_8",-1.85416666666733,30.1041666666683,"SRRR",8
9,"RR","RR",0,0.0133045918438979,10,1,"px_kigali_8",-1.85416666666733,30.1041666666683,"RRRR",8
1,"SS","SS",0,0.0559482157340637,10,2,"px_kigali_8",-1.85416666666733,30.1041666666683,"SSSS",8
2,"SR","SS",0,0.024399599294181,10,2,"px_kigali_8",-1.85416666666733,30.1041666666683,"SRSS",8
3,"RR","SS",0,0.0024702382521278,10,2,"px_kigali_8",-1.85416666666733,30.1041666666683,"RRSS",8
4,"SS","SR",3,0.2785254923053,10,2,"px_kigali_8",-1.85416666666733,30.1041666666683,"SSSR",8
5,"SR","SR",0,0.121467866603049,10,2,"px_kigali_8",-1.85416666666733,30.1041666666683,"SRSR",8
6,"RR","SR",0,0.0122975204170163,10,2,"px_kigali_8",-1.85416666666733,30.1041666666683,"RRSR",8
7,"SS","RR",4,0.341082085872579,10,2,"px_kigali_8",-1.85416666666733,30.1041666666683,"SSRR",8
8,"SR","RR",1,0.14874944826252,10,2,"px_kigali_8",-1.85416666666733,30.1041666666683,"SRRR",8
9,"RR","RR",2,0.0150595332591635,10,2,"px_kigali_8",-1.85416666666733,30.1041666666683,"RRRR",8
1,"SS","SS",8,0.568511484201661,10,1,"px_kigali_9",-1.85416666666733,30.145833333335,"SSSS",9
2,"SR","SS",0,0.281895835939655,10,1,"px_kigali_9",-1.85416666666733,30.145833333335,"SRSS",9
3,"RR","SS",0,0.0349444402312051,10,1,"px_kigali_9",-1.85416666666733,30.145833333335,"RRSS",9
4,"SS","SR",2,0.0713786831353832,10,1,"px_kigali_9",-1.85416666666733,30.145833333335,"SSSR",9
5,"SR","SR",0,0.0353930467719156,10,1,"px_kigali_9",-1.85416666666733,30.145833333335,"SRSR",9
6,"RR","SR",0,0.00438740147898535,10,1,"px_kigali_9",-1.85416666666733,30.145833333335,"RRSR",9
7,"SS","RR",0,0.00224046327519239,10,1,"px_kigali_9",-1.85416666666733,30.145833333335,"SSRR",9
8,"SR","RR",0,0.00111093141546534,10,1,"px_kigali_9",-1.85416666666733,30.145833333335,"SRRR",9
9,"RR","RR",0,0.000137713550536472,10,1,"px_kigali_9",-1.85416666666733,30.145833333335,"RRRR",9
1,"SS","SS",10,0.554153130067362,10,2,"px_kigali_9",-1.85416666666733,30.145833333335,"SSSS",9
2,"SR","SS",0,0.290759835820392,10,2,"px_kigali_9",-1.85416666666733,30.145833333335,"SRSS",9
3,"RR","SS",0,0.0365885427058011,10,2,"px_kigali_9",-1.85416666666733,30.145833333335,"RRSS",9
4,"SS","SR",0,0.0721639825906105,10,2,"px_kigali_9",-1.85416666666733,30.145833333335,"SSSR",9
5,"SR","SR",0,0.0378638802015626,10,2,"px_kigali_9",-1.85416666666733,30.145833333335,"SRSR",9
6,"RR","SR",0,0.00476470277902478,10,2,"px_kigali_9",-1.85416666666733,30.145833333335,"RRSR",9
7,"SS","RR",0,0.00232971853295658,10,2,"px_kigali_9",-1.85416666666733,30.145833333335,"SSRR",9
8,"SR","RR",0,0.00122238518812993,10,2,"px_kigali_9",-1.85416666666733,30.145833333335,"SRRR",9
9,"RR","RR",0,0.000153822114160424,10,2,"px_kigali_9",-1.85416666666733,30.145833333335,"RRRR",9
1,"SS","SS",0,0.0527935219506642,10,1,"px_kigali_10",-1.85416666666733,30.1875000000017,"SSSS",10
2,"SR","SS",1,0.179430348277276,10,1,"px_kigali_10",-1.85416666666733,30.1875000000017,"SRSS",10
3,"RR","SS",3,0.152458335291445,10,1,"px_kigali_10",-1.85416666666733,30.1875000000017,"RRSS",10
4,"SS","SR",1,0.064652161104693,10,1,"px_kigali_10",-1.85416666666733,30.1875000000017,"SSSR",10
5,"SR","SR",2,0.219734530966402,10,1,"px_kigali_10",-1.85416666666733,30.1875000000017,"SRSR",10
6,"RR","SR",3,0.186703983572586,10,1,"px_kigali_10",-1.85416666666733,30.1875000000017,"RRSR",10
7,"SS","RR",0,0.0197936308333218,10,1,"px_kigali_10",-1.85416666666733,30.1875000000017,"SSRR",10
8,"SR","RR",0,0.0672729899970252,10,1,"px_kigali_10",-1.85416666666733,30.1875000000017,"SRRR",10
9,"RR","RR",0,0.057160498006587,10,1,"px_kigali_10",-1.85416666666733,30.1875000000017,"RRRR",10
1,"SS","SS",0,0.0500613998291401,10,2,"px_kigali_10",-1.85416666666733,30.1875000000017,"SSSS",10
2,"SR","SS",0,0.176523637510218,10,2,"px_kigali_10",-1.85416666666733,30.1875000000017,"SRSS",10
3,"RR","SS",0,0.151480261225487,10,2,"px_kigali_10",-1.85416666666733,30.1875000000017,"RRSS",10
4,"SS","SR",0,0.0627761398956575,10,2,"px_kigali_10",-1.85416666666733,30.1875000000017,"SSSR",10
5,"SR","SR",1,0.221357624857734,10,2,"px_kigali_10",-1.85416666666733,30.1875000000017,"SRSR",10
6,"RR","SR",8,0.189953658958347,10,2,"px_kigali_10",-1.85416666666733,30.1875000000017,"RRSR",10
7,"SS","RR",0,0.0195771516504108,10,2,"px_kigali_10",-1.85416666666733,30.1875000000017,"SSRR",10
8,"SR","RR",1,0.0690318295775681,10,2,"px_kigali_10",-1.85416666666733,30.1875000000017,"SRRR",10
9,"RR","RR",0,0.0592382964954368,10,2,"px_kigali_10",-1.85416666666733,30.1875000000017,"RRRR",10
1,"SS","SS",0,0.0784837758299831,10,1,"px_kigali_11",-1.85416666666733,30.2291666666683,"SSSS",11
2,"SR","SS",6,0.308433171453513,10,1,"px_kigali_11",-1.85416666666733,30.2291666666683,"SRSS",11
3,"RR","SS",4,0.303027664786346,10,1,"px_kigali_11",-1.85416666666733,30.2291666666683,"RRSS",11
4,"SS","SR",0,0.0320067593330693,10,1,"px_kigali_11",-1.85416666666733,30.2291666666683,"SSSR",11
5,"SR","SR",0,0.125783274118121,10,1,"px_kigali_11",-1.85416666666733,30.2291666666683,"SRSR",11
6,"RR","SR",0,0.12357883442164,10,1,"px_kigali_11",-1.85416666666733,30.2291666666683,"RRSR",11
7,"SS","RR",0,0.00326319877006851,10,1,"px_kigali_11",-1.85416666666733,30.2291666666683,"SSRR",11
8,"SR","RR",0,0.0128240357333946,10,1,"px_kigali_11",-1.85416666666733,30.2291666666683,"SRRR",11
9,"RR","RR",0,0.0125992855538657,10,1,"px_kigali_11",-1.85416666666733,30.2291666666683,"RRRR",11
1,"SS","SS",0,0.0757407833934345,10,2,"px_kigali_11",-1.85416666666733,30.2291666666683,"SSSS",11
2,"SR","SS",5,0.306443812036972,10,2,"px_kigali_11",-1.85416666666733,30.2291666666683,"SRSS",11
3,"RR","SS",4,0.303450004567336,10,2,"px_kigali_11",-1.85416666666733,30.2291666666683,"RRSS",11
4,"SS","SR",0,0.0314714441645662,10,2,"px_kigali_11",-1.85416666666733,30.2291666666683,"SSSR",11
5,"SR","SR",0,0.127332051346783,10,2,"px_kigali_11",-1.85416666666733,30.2291666666683,"SRSR",11
6,"RR","SR",1,0.126088078939861,10,2,"px_kigali_11",-1.85416666666733,30.2291666666683,"RRSR",11
7,"SS","RR",0,0.00325591887697194,10,2,"px_kigali_11",-1.85416666666733,30.2291666666683,"SSRR",11
8,"SR","RR",0,0.0131733017225289,10,2,"px_kigali_11",-1.85416666666733,30.2291666666683,"SRRR",11
9,"RR","RR",0,0.0130446049515465,10,2,"px_kigali_11",-1.85416666666733,30.2291666666683,"RRRR",11
1,"SS","SS",0,0.0981354217049579,10,1,"px_kigali_12",-1.85416666666733,30.270833333335,"SSSS",12
2,"SR","SS",0,0.029858817929157,10,1,"px_kigali_12",-1.85416666666733,30.270833333335,"SRSS",12
3,"RR","SS",0,0.00227122121829647,10,1,"px_kigali_12",-1.85416666666733,30.270833333335,"RRSS",12
4,"SS","SR",4,0.34753159243721,10,1,"px_kigali_12",-1.85416666666733,30.270833333335,"SSSR",12
5,"SR","SR",4,0.105740438701232,10,1,"px_kigali_12",-1.85416666666733,30.270833333335,"SRSR",12
6,"RR","SR",1,0.00804318270669716,10,1,"px_kigali_12",-1.85416666666733,30.270833333335,"RRSR",12
7,"SS","RR",1,0.307682500478164,10,1,"px_kigali_12",-1.85416666666733,30.270833333335,"SSRR",12
8,"SR","RR",0,0.0936158993577864,10,1,"px_kigali_12",-1.85416666666733,30.270833333335,"SRRR",12
9,"RR","RR",0,0.00712092546649967,10,1,"px_kigali_12",-1.85416666666733,30.270833333335,"RRRR",12
1,"SS","SS",1,0.095553275166067,10,2,"px_kigali_12",-1.85416666666733,30.270833333335,"SSSS",12
2,"SR","SS",0,0.0298431029925214,10,2,"px_kigali_12",-1.85416666666733,30.270833333335,"SRSS",12
3,"RR","SS",0,0.00228614390839665,10,2,"px_kigali_12",-1.85416666666733,30.270833333335,"RRSS",12
4,"SS","SR",9,0.344117808822847,10,2,"px_kigali_12",-1.85416666666733,30.270833333335,"SSSR",12
5,"SR","SR",0,0.107474528658626,10,2,"px_kigali_12",-1.85416666666733,30.270833333335,"SRSR",12
6,"RR","SR",0,0.00823313309819997,10,2,"px_kigali_12",-1.85416666666733,30.270833333335,"RRSR",12
7,"SS","RR",0,0.308695048032959,10,2,"px_kigali_12",-1.85416666666733,30.270833333335,"SSRR",12
8,"SR","RR",0,0.0964113275627465,10,2,"px_kigali_12",-1.85416666666733,30.270833333335,"SRRR",12
9,"RR","RR",0,0.00738563175763731,10,2,"px_kigali_12",-1.85416666666733,30.270833333335,"RRRR",12
1,"SS","SS",0,0.0268822750095702,10,1,"px_kigali_13",-1.895833333334,29.9791666666683,"SSSS",13
2,"SR","SS",0,0.0189141196461412,10,1,"px_kigali_13",-1.895833333334,29.9791666666683,"SRSS",13
3,"RR","SS",0,0.00332694983837178,10,1,"px_kigali_13",-1.895833333334,29.9791666666683,"RRSS",13
4,"SS","SR",4,0.188813807752281,10,1,"px_kigali_13",-1.895833333334,29.9791666666683,"SSSR",13
5,"SR","SR",3,0.1328476458707,10,1,"px_kigali_13",-1.895833333334,29.9791666666683,"SRSR",13
6,"RR","SR",0,0.0233675932174706,10,1,"px_kigali_13",-1.895833333334,29.9791666666683,"RRSR",13
7,"SS","RR",1,0.331544242310236,10,1,"px_kigali_13",-1.895833333334,29.9791666666683,"SSRR",13
8,"SR","RR",2,0.233271457300864,10,1,"px_kigali_13",-1.895833333334,29.9791666666683,"SRRR",13
9,"RR","RR",0,0.0410319090543658,10,1,"px_kigali_13",-1.895833333334,29.9791666666683,"RRRR",13
1,"SS","SS",0,0.0121313117633942,10,2,"px_kigali_13",-1.895833333334,29.9791666666683,"SSSS",13
2,"SR","SS",0,0.0146512907514091,10,2,"px_kigali_13",-1.895833333334,29.9791666666683,"SRSS",13
3,"RR","SS",0,0.00287319328928529,10,2,"px_kigali_13",-1.895833333334,29.9791666666683,"RRSS",13
4,"SS","SR",1,0.124247909994734,10,2,"px_kigali_13",-1.895833333334,29.9791666666683,"SSSR",13
5,"SR","SR",2,0.15005733016282,10,2,"px_kigali_13",-1.895833333334,29.9791666666683,"SRSR",13
6,"RR","SR",0,0.0294270123600146,10,2,"px_kigali_13",-1.895833333334,29.9791666666683,"RRSR",13
7,"SS","RR",1,0.272691296650341,10,2,"px_kigali_13",-1.895833333334,29.9791666666683,"SSRR",13
8,"SR","RR",6,0.329336146867357,10,2,"px_kigali_13",-1.895833333334,29.9791666666683,"SRRR",13
9,"RR","RR",0,0.064584508160645,10,2,"px_kigali_13",-1.895833333334,29.9791666666683,"RRRR",13
1,"SS","SS",0,0.0210278937977803,10,1,"px_kigali_14",-1.895833333334,30.020833333335,"SSSS",14
2,"SR","SS",0,0.00101952173507184,10,1,"px_kigali_14",-1.895833333334,30.020833333335,"SRSS",14
3,"RR","SS",0,0.0000123576876040387,10,1,"px_kigali_14",-1.895833333334,30.020833333335,"RRSS",14
4,"SS","SR",4,0.241099873502475,10,1,"px_kigali_14",-1.895833333334,30.020833333335,"SSSR",14
5,"SR","SR",1,0.0116895474041624,10,1,"px_kigali_14",-1.895833333334,30.020833333335,"SRSR",14
6,"RR","SR",0,0.000141689745381505,10,1,"px_kigali_14",-1.895833333334,30.020833333335,"RRSR",14
7,"SS","RR",5,0.691095712725414,10,1,"px_kigali_14",-1.895833333334,30.020833333335,"SSRR",14
8,"SR","RR",0,0.0335072597814289,10,1,"px_kigali_14",-1.895833333334,30.020833333335,"SRRR",14
9,"RR","RR",0,0.000406143620682192,10,1,"px_kigali_14",-1.895833333334,30.020833333335,"RRRR",14
1,"SS","SS",0,0.0131368829908104,10,2,"px_kigali_14",-1.895833333334,30.020833333335,"SSSS",14
2,"SR","SS",0,0.000995409002046599,10,2,"px_kigali_14",-1.895833333334,30.020833333335,"SRSS",14
3,"RR","SS",0,0.0000132612613103746,10,2,"px_kigali_14",-1.895833333334,30.020833333335,"RRSS",14
4,"SS","SR",0,0.204833793878523,10,2,"px_kigali_14",-1.895833333334,30.020833333335,"SSSR",14
5,"SR","SR",0,0.0155206834446702,10,2,"px_kigali_14",-1.895833333334,30.020833333335,"SRSR",14
6,"RR","SR",0,0.000206773133909975,10,2,"px_kigali_14",-1.895833333334,30.020833333335,"RRSR",14
7,"SS","RR",9,0.710722796957163,10,2,"px_kigali_14",-1.895833333334,30.020833333335,"SSRR",14
8,"SR","RR",1,0.0538529475025229,10,2,"px_kigali_14",-1.895833333334,30.020833333335,"SRRR",14
9,"RR","RR",0,0.000717451829043645,10,2,"px_kigali_14",-1.895833333334,30.020833333335,"RRRR",14
1,"SS","SS",0,0.000227903111701951,10,1,"px_kigali_15",-1.895833333334,30.0625000000017,"SSSS",15
2,"SR","SS",0,0.000967361272210428,10,1,"px_kigali_15",-1.895833333334,30.0625000000017,"SRSS",15
3,"RR","SS",0,0.00102651936604889,10,1,"px_kigali_15",-1.895833333334,30.0625000000017,"RRSS",15
4,"SS","SR",0,0.00921425797841116,10,1,"px_kigali_15",-1.895833333334,30.0625000000017,"SSSR",15
5,"SR","SR",2,0.0391109899900266,10,1,"px_kigali_15",-1.895833333334,30.0625000000017,"SRSR",15
6,"RR","SR",0,0.041502786811351,10,1,"px_kigali_15",-1.895833333334,30.0625000000017,"RRSR",15
7,"SS","RR",0,0.0931344788308169,10,1,"px_kigali_15",-1.895833333334,30.0625000000017,"SSRR",15
8,"SR","RR",5,0.395320130803036,10,1,"px_kigali_15",-1.895833333334,30.0625000000017,"SRRR",15
9,"RR","RR",3,0.419495571836397,10,1,"px_kigali_15",-1.895833333334,30.0625000000017,"RRRR",15
1,"SS","SS",0,0.000114479366453353,10,2,"px_kigali_15",-1.895833333334,30.0625000000017,"SSSS",15
2,"SR","SS",0,0.000673952800504736,10,2,"px_kigali_15",-1.895833333334,30.0625000000017,"SRSS",15
3,"RR","SS",0,0.000770081738859398,10,2,"px_kigali_15",-1.895833333334,30.0625000000017,"RRSS",15
4,"SS","SR",0,0.00577377246106805,10,2,"px_kigali_15",-1.895833333334,30.0625000000017,"SSSR",15
5,"SR","SR",1,0.0339908425436606,10,2,"px_kigali_15",-1.895833333334,30.0625000000017,"SRSR",15
6,"RR","SR",0,0.0388391102636782,10,2,"px_kigali_15",-1.895833333334,30.0625000000017,"RRSR",15
7,"SS","RR",0,0.06756593169053,10,2,"px_kigali_15",-1.895833333334,30.0625000000017,"SSRR",15
8,"SR","RR",5,0.397768176853941,10,2,"px_kigali_15",-1.895833333334,30.0625000000017,"SRRR",15
9,"RR","RR",4,0.454503652281304,10,2,"px_kigali_15",-1.895833333334,30.0625000000017,"RRRR",15
1,"SS","SS",0,0.0000226569407774824,10,1,"px_kigali_16",-1.895833333334,30.1041666666683,"SSSS",16
2,"SR","SS",0,0.00159995631455173,10,1,"px_kigali_16",-1.895833333334,30.1041666666683,"SRSS",16
3,"RR","SS",0,0.0282458721688922,10,1,"px_kigali_16",-1.895833333334,30.1041666666683,"RRSS",16
4,"SS","SR",0,0.000216881274898382,10,1,"px_kigali_16",-1.895833333334,30.1041666666683,"SSSR",16
5,"SR","SR",0,0.0153154200600004,10,1,"px_kigali_16",-1.895833333334,30.1041666666683,"SRSR",16
6,"RR","SR",3,0.270380755582607,10,1,"px_kigali_16",-1.895833333334,30.1041666666683,"RRSR",16
7,"SS","RR",0,0.000519018519146353,10,1,"px_kigali_16",-1.895833333334,30.1041666666683,"SSRR",16
8,"SR","RR",1,0.0366513275217982,10,1,"px_kigali_16",-1.895833333334,30.1041666666683,"SRRR",16
9,"RR","RR",6,0.647048111617328,10,1,"px_kigali_16",-1.895833333334,30.1041666666683,"RRRR",16
1,"SS","SS",0,0.0000143372732134806,10,2,"px_kigali_16",-1.895833333334,30.1041666666683,"SSSS",16
2,"SR","SS",0,0.00124653212816917,10,2,"px_kigali_16",-1.895833333334,30.1041666666683,"SRSS",16
3,"RR","SS",1,0.0231438041734702,10,2,"px_kigali_16",-1.895833333334,30.1041666666683,"RRSS",16
4,"SS","SR",0,0.000157532965571256,10,2,"px_kigali_16",-1.895833333334,30.1041666666683,"SSSR",16
5,"SR","SR",0,0.0136964609592361,10,2,"px_kigali_16",-1.895833333334,30.1041666666683,"SRSR",16
6,"RR","SR",0,0.254296061165879,10,2,"px_kigali_16",-1.895833333334,30.1041666666683,"RRSR",16
7,"SS","RR",0,0.0004156103996883,10,2,"px_kigali_16",-1.895833333334,30.1041666666683,"SSRR",16
8,"SR","RR",0,0.0361346058137177,10,2,"px_kigali_16",-1.895833333334,30.1041666666683,"SRRR",16
9,"RR","RR",9,0.670895055121055,10,2,"px_kigali_16",-1.895833333334,30.1041666666683,"RRRR",16
1,"SS","SS",7,0.701209944518504,10,1,"px_kigali_17",-1.895833333334,30.145833333335,"SSSS",17
2,"SR","SS",1,0.15255096223832,10,1,"px_kigali_17",-1.895833333334,30.145833333335,"SRSS",17
3,"RR","SS",0,0.00829701441912691,10,1,"px_kigali_17",-1.895833333334,30.145833333335,"RRSS",17
4,"SS","SR",2,0.108042232841119,10,1,"px_kigali_17",-1.895833333334,30.145833333335,"SSSR",17
5,"SR","SR",0,0.0235050097494081,10,1,"px_kigali_17",-1.895833333334,30.145833333335,"SRSR",17
6,"RR","SR",0,0.00127840166952135,10,1,"px_kigali_17",-1.895833333334,30.145833333335,"RRSR",17
7,"SS","RR",0,0.00416177928260464,10,1,"px_kigali_17",-1.895833333334,30.145833333335,"SSRR",17
8,"SR","RR",0,0.000905411338141811,10,1,"px_kigali_17",-1.895833333334,30.145833333335,"SRRR",17
9,"RR","RR",0,0.0000492439432539781,10,1,"px_kigali_17",-1.895833333334,30.145833333335,"RRRR",17
1,"SS","SS",8,0.676786710691847,10,2,"px_kigali_17",-1.895833333334,30.145833333335,"SSSS",17
2,"SR","SS",0,0.166063076174356,10,2,"px_kigali_17",-1.895833333334,30.145833333335,"SRSS",17
3,"RR","SS",0,0.00931370805799586,10,2,"px_kigali_17",-1.895833333334,30.145833333335,"RRSS",17
4,"SS","SR",1,0.112805051075688,10,2,"px_kigali_17",-1.895833333334,30.145833333335,"SSSR",17
5,"SR","SR",1,0.0276789622102426,10,2,"px_kigali_17",-1.895833333334,30.145833333335,"SRSR",17
6,"RR","SR",0,0.00155238466800309,10,2,"px_kigali_17",-1.895833333334,30.145833333335,"RRSR",17
7,"SS","RR",0,0.0046064346150128,10,2,"px_kigali_17",-1.895833333334,30.145833333335,"SSRR",17
8,"SR","RR",0,0.00113028032359424,10,2,"px_kigali_17",-1.895833333334,30.145833333335,"SRRR",17
9,"RR","RR",0,0.0000633921832605401,10,2,"px_kigali_17",-1.895833333334,30.145833333335,"RRRR",17
1,"SS","SS",0,0.0560775848080799,10,1,"px_kigali_18",-1.895833333334,30.1875000000017,"SSSS",18
2,"SR","SS",2,0.208507384153989,10,1,"px_kigali_18",-1.895833333334,30.1875000000017,"SRSS",18
3,"RR","SS",0,0.193817767811311,10,1,"px_kigali_18",-1.895833333334,30.1875000000017,"RRSS",18
4,"SS","SR",0,0.0534964534922055,10,1,"px_kigali_18",-1.895833333334,30.1875000000017,"SSSR",18
5,"SR","SR",3,0.198910235120684,10,1,"px_kigali_18",-1.895833333334,30.1875000000017,"SRSR",18
6,"RR","SR",5,0.184896750406892,10,1,"px_kigali_18",-1.895833333334,30.1875000000017,"RRSR",18
7,"SS","RR",0,0.0127585315329591,10,1,"px_kigali_18",-1.895833333334,30.1875000000017,"SSRR",18
8,"SR","RR",0,0.0474387055841995,10,1,"px_kigali_18",-1.895833333334,30.1875000000017,"SRRR",18
9,"RR","RR",0,0.044096587089679,10,1,"px_kigali_18",-1.895833333334,30.1875000000017,"RRRR",18
1,"SS","SS",0,0.050720087873694,10,2,"px_kigali_18",-1.895833333334,30.1875000000017,"SSSS",18
2,"SR","SS",5,0.202587130080406,10,2,"px_kigali_18",-1.895833333334,30.1875000000017,"SRSS",18
3,"RR","SS",1,0.19189616236599,10,2,"px_kigali_18",-1.895833333334,30.1875000000017,"RRSS",18
4,"SS","SR",0,0.0506824826848377,10,2,"px_kigali_18",-1.895833333334,30.1875000000017,"SSSR",18
5,"SR","SR",2,0.202436926726943,10,2,"px_kigali_18",-1.895833333334,30.1875000000017,"SRSR",18
6,"RR","SR",1,0.191753885573321,10,2,"px_kigali_18",-1.895833333334,30.1875000000017,"RRSR",18
7,"SS","RR",0,0.0125230870526651,10,2,"px_kigali_18",-1.895833333334,30.1875000000017,"SSRR",18
8,"SR","RR",1,0.0500199501243832,10,2,"px_kigali_18",-1.895833333334,30.1875000000017,"SRRR",18
9,"RR","RR",0,0.0473802875177595,10,2,"px_kigali_18",-1.895833333334,30.1875000000017,"RRRR",18
1,"SS","SS",0,0.00058142605973876,10,1,"px_kigali_19",-1.895833333334,30.2291666666683,"SSSS",19
2,"SR","SS",0,0.00556533431891487,10,1,"px_kigali_19",-1.895833333334,30.2291666666683,"SRSS",19
3,"RR","SS",0,0.0133176633397175,10,1,"px_kigali_19",-1.895833333334,30.2291666666683,"RRSS",19
4,"SS","SR",0,0.0071721115989426,10,1,"px_kigali_19",-1.895833333334,30.2291666666683,"SSSR",19
5,"SR","SR",1,0.0686505156625022,10,1,"px_kigali_19",-1.895833333334,30.2291666666683,"SRSR",19
6,"RR","SR",0,0.164278442821288,10,1,"px_kigali_19",-1.895833333334,30.2291666666683,"RRSR",19
7,"SS","RR",0,0.0221176811429311,10,1,"px_kigali_19",-1.895833333334,30.2291666666683,"SSRR",19
8,"SR","RR",2,0.211707555686233,10,1,"px_kigali_19",-1.895833333334,30.2291666666683,"SRRR",19
9,"RR","RR",7,0.506609269369731,10,1,"px_kigali_19",-1.895833333334,30.2291666666683,"RRRR",19
1,"SS","SS",0,0.000523910577450623,10,2,"px_kigali_19",-1.895833333334,30.2291666666683,"SSSS",19
2,"SR","SS",0,0.005262844369105,10,2,"px_kigali_19",-1.895833333334,30.2291666666683,"SRSS",19
3,"RR","SS",0,0.012757169925188,10,2,"px_kigali_19",-1.895833333334,30.2291666666683,"RRSS",19
4,"SS","SR",0,0.00666704358748543,10,2,"px_kigali_19",-1.895833333334,30.2291666666683,"SSSR",19
5,"SR","SR",2,0.0669725222455204,10,2,"px_kigali_19",-1.895833333334,30.2291666666683,"SRSR",19
6,"RR","SR",0,0.162341841537266,10,2,"px_kigali_19",-1.895833333334,30.2291666666683,"RRSR",19
7,"SS","RR",0,0.0210614563185066,10,2,"px_kigali_19",-1.895833333334,30.2291666666683,"SSRR",19
8,"SR","RR",0,0.211568866065603,10,2,"px_kigali_19",-1.895833333334,30.2291666666683,"SRRR",19
9,"RR","RR",8,0.512844345373875,10,2,"px_kigali_19",-1.895833333334,30.2291666666683,"RRRR",19
1,"SS","SS",0,0.045681229054499,10,1,"px_kigali_20",-1.895833333334,30.270833333335,"SSSS",20
2,"SR","SS",1,0.116700373671131,10,1,"px_kigali_20",-1.895833333334,30.270833333335,"SRSS",20
3,"RR","SS",1,0.0745326772994248,10,1,"px_kigali_20",-1.895833333334,30.270833333335,"RRSS",20
4,"SS","SR",0,0.0963409492708326,10,1,"px_kigali_20",-1.895833333334,30.270833333335,"SSSR",20
5,"SR","SR",3,0.246119139358629,10,1,"px_kigali_20",-1.895833333334,30.270833333335,"SRSR",20
6,"RR","SR",2,0.157188171845303,10,1,"px_kigali_20",-1.895833333334,30.270833333335,"RRSR",20
7,"SS","RR",1,0.0507953633174428,10,1,"px_kigali_20",-1.895833333334,30.270833333335,"SSRR",20
8,"SR","RR",0,0.129765288776149,10,1,"px_kigali_20",-1.895833333334,30.270833333335,"SRRR",20
9,"RR","RR",2,0.0828768074065893,10,1,"px_kigali_20",-1.895833333334,30.270833333335,"RRRR",20
1,"SS","SS",0,0.0431673616209887,10,2,"px_kigali_20",-1.895833333334,30.270833333335,"SSSS",20
2,"SR","SS",0,0.114457227002911,10,2,"px_kigali_20",-1.895833333334,30.270833333335,"SRSS",20
3,"RR","SS",0,0.0738345923203442,10,2,"px_kigali_20",-1.895833333334,30.270833333335,"RRSS",20
4,"SS","SR",1,0.0932453364396632,10,2,"px_kigali_20",-1.895833333334,30.270833333335,"SSSR",20
5,"SR","SR",5,0.247237779634142,10,2,"px_kigali_20",-1.895833333334,30.270833333335,"SRSR",20
6,"RR","SR",2,0.15948927947564,10,2,"px_kigali_20",-1.895833333334,30.270833333335,"RRSR",20
7,"SS","RR",0,0.0500882713322507,10,2,"px_kigali_20",-1.895833333334,30.270833333335,"SSRR",20
8,"SR","RR",1,0.13280785359074,10,2,"px_kigali_20",-1.895833333334,30.270833333335,"SRRR",20
9,"RR","RR",1,0.0856722985833204,10,2,"px_kigali_20",-1.895833333334,30.270833333335,"RRRR",20
1,"SS","SS",8,0.283540984437208,10,1,"px_kigali_21",-1.93750000000067,29.9791666666683,"SSSS",21
2,"SR","SS",1,0.229746657891707,10,1,"px_kigali_21",-1.93750000000067,29.9791666666683,"SRSS",21
3,"RR","SS",1,0.0465395919020837,10,1,"px_kigali_21",-1.93750000000067,29.9791666666683,"RRSS",21
4,"SS","SR",0,0.190830108323236,10,1,"px_kigali_21",-1.93750000000067,29.9791666666683,"SSSR",21
5,"SR","SR",0,0.154625193600839,10,1,"px_kigali_21",-1.93750000000067,29.9791666666683,"SRSR",21
6,"RR","SR",0,0.0313222985439716,10,1,"px_kigali_21",-1.93750000000067,29.9791666666683,"RRSR",21
7,"SS","RR",0,0.032108347859645,10,1,"px_kigali_21",-1.93750000000067,29.9791666666683,"SSRR",21
8,"SR","RR",0,0.0260166466792084,10,1,"px_kigali_21",-1.93750000000067,29.9791666666683,"SRRR",21
9,"RR","RR",0,0.00527017076209998,10,1,"px_kigali_21",-1.93750000000067,29.9791666666683,"RRRR",21
1,"SS","SS",2,0.142783934971074,10,2,"px_kigali_21",-1.93750000000067,29.9791666666683,"SSSS",21
2,"SR","SS",0,0.230755480278224,10,2,"px_kigali_21",-1.93750000000067,29.9791666666683,"SRSS",21
3,"RR","SS",0,0.0531586211674393,10,2,"px_kigali_21",-1.93750000000067,29.9791666666683,"RRSS",21
4,"SS","SR",0,0.157211513934808,10,2,"px_kigali_21",-1.93750000000067,29.9791666666683,"SSSR",21
5,"SR","SR",6,0.254072129407573,10,2,"px_kigali_21",-1.93750000000067,29.9791666666683,"SRSR",21
6,"RR","SR",1,0.0585300252028569,10,2,"px_kigali_21",-1.93750000000067,29.9791666666683,"RRSR",21
7,"SS","RR",0,0.0346297960803015,10,2,"px_kigali_21",-1.93750000000067,29.9791666666683,"SSRR",21
8,"SR","RR",1,0.0559657865436037,10,2,"px_kigali_21",-1.93750000000067,29.9791666666683,"SRRR",21
9,"RR","RR",0,0.0128927124141196,10,2,"px_kigali_21",-1.93750000000067,29.9791666666683,"RRRR",21
1,"SS","SS",0,0.00157289788952202,10,1,"px_kigali_22",-1.93750000000067,30.020833333335,"SSSS",22
2,"SR","SS",0,0.00525590311835703,10,1,"px_kigali_22",-1.93750000000067,30.020833333335,"SRSS",22
3,"RR","SS",0,0.00439070421763035,10,1,"px_kigali_22",-1.93750000000067,30.020833333335,"RRSS",22
4,"SS","SR",1,0.0265533304868929,10,1,"px_kigali_22",-1.93750000000067,30.020833333335,"SSSR",22
5,"SR","SR",0,0.0887290481082889,10,1,"px_kigali_22",-1.93750000000067,30.020833333335,"SRSR",22
6,"RR","SR",0,0.0741229427145856,10,1,"px_kigali_22",-1.93750000000067,30.020833333335,"RRSR",22
7,"SS","RR",2,0.112066931473966,10,1,"px_kigali_22",-1.93750000000067,30.020833333335,"SSRR",22
8,"SR","RR",1,0.374476269898049,10,1,"px_kigali_22",-1.93750000000067,30.020833333335,"SRRR",22
9,"RR","RR",6,0.312831972092708,10,1,"px_kigali_22",-1.93750000000067,30.020833333335,"RRRR",22
1,"SS","SS",0,0.000460261379199622,10,2,"px_kigali_22",-1.93750000000067,30.020833333335,"SSSS",22
2,"SR","SS",0,0.00283940036495878,10,2,"px_kigali_22",-1.93750000000067,30.020833333335,"SRSS",22
3,"RR","SS",0,0.00267120375217167,10,2,"px_kigali_22",-1.93750000000067,30.020833333335,"RRSS",22
4,"SS","SR",0,0.0119744561093789,10,2,"px_kigali_22",-1.93750000000067,30.020833333335,"SSSR",22
5,"SR","SR",0,0.0738716663698327,10,2,"px_kigali_22",-1.93750000000067,30.020833333335,"SRSR",22
6,"RR","SR",0,0.0694957550972687,10,2,"px_kigali_22",-1.93750000000067,30.020833333335,"RRSR",22
7,"SS","RR",0,0.0646498156469469,10,2,"px_kigali_22",-1.93750000000067,30.020833333335,"SSRR",22
8,"SR","RR",8,0.398831443258774,10,2,"px_kigali_22",-1.93750000000067,30.020833333335,"SRRR",22
9,"RR","RR",2,0.375205998021468,10,2,"px_kigali_22",-1.93750000000067,30.020833333335,"RRRR",22
1,"SS","SS",0,0.000321135561545455,10,1,"px_kigali_23",-1.93750000000067,30.0625000000017,"SSSS",23
2,"SR","SS",0,0.0023935617260788,10,1,"px_kigali_23",-1.93750000000067,30.0625000000017,"SRSS",23
3,"RR","SS",0,0.00446006174859684,10,1,"px_kigali_23",-1.93750000000067,30.0625000000017,"RRSS",23
4,"SS","SR",0,0.00694026933638438,10,1,"px_kigali_23",-1.93750000000067,30.0625000000017,"SSSR",23
5,"SR","SR",0,0.051728818111278,10,1,"px_kigali_23",-1.93750000000067,30.0625000000017,"SRSR",23
6,"RR","SR",0,0.0963892931794978,10,1,"px_kigali_23",-1.93750000000067,30.0625000000017,"RRSR",23
7,"SS","RR",0,0.0374976678352773,10,1,"px_kigali_23",-1.93750000000067,30.0625000000017,"SSRR",23
8,"SR","RR",1,0.279486277121731,10,1,"px_kigali_23",-1.93750000000067,30.0625000000017,"SRRR",23
9,"RR","RR",9,0.52078291537961,10,1,"px_kigali_23",-1.93750000000067,30.0625000000017,"RRRR",23
1,"SS","SS",0,0.000110889013956659,10,2,"px_kigali_23",-1.93750000000067,30.0625000000017,"SSSS",23
2,"SR","SS",0,0.00135695565888252,10,2,"px_kigali_23",-1.93750000000067,30.0625000000017,"SRSS",23
3,"RR","SS",0,0.00280052297019891,10,2,"px_kigali_23",-1.93750000000067,30.0625000000017,"RRSS",23
4,"SS","SR",0,0.00338004246287974,10,2,"px_kigali_23",-1.93750000000067,30.0625000000017,"SSSR",23
5,"SR","SR",0,0.0413617867416562,10,2,"px_kigali_23",-1.93750000000067,30.0625000000017,"SRSR",23
6,"RR","SR",0,0.0853636101520586,10,2,"px_kigali_23",-1.93750000000067,30.0625000000017,"RRSR",23
7,"SS","RR",0,0.0224883241145896,10,2,"px_kigali_23",-1.93750000000067,30.0625000000017,"SSRR",23
8,"SR","RR",6,0.27519100023744,10,2,"px_kigali_23",-1.93750000000067,30.0625000000017,"SRRR",23
9,"RR","RR",4,0.567946868648337,10,2,"px_kigali_23",-1.93750000000067,30.0625000000017,"RRRR",23
1,"SS","SS",1,0.0127429436677948,10,1,"px_kigali_24",-1.93750000000067,30.1041666666683,"SSSS",24
2,"SR","SS",0,0.0518264016371864,10,1,"px_kigali_24",-1.93750000000067,30.1041666666683,"SRSS",24
3,"RR","SS",1,0.0526953578525534,10,1,"px_kigali_24",-1.93750000000067,30.1041666666683,"RRSS",24
4,"SS","SR",1,0.0489386433392063,10,1,"px_kigali_24",-1.93750000000067,30.1041666666683,"SSSR",24
5,"SR","SR",2,0.199036725845908,10,1,"px_kigali_24",-1.93750000000067,30.1041666666683,"SRSR",24
6,"RR","SR",1,0.202373909106689,10,1,"px_kigali_24",-1.93750000000067,30.1041666666683,"RRSR",24
7,"SS","RR",0,0.0469866083209295,10,1,"px_kigali_24",-1.93750000000067,30.1041666666683,"SSRR",24
8,"SR","RR",4,0.191097669258635,10,1,"px_kigali_24",-1.93750000000067,30.1041666666683,"SRRR",24
9,"RR","RR",0,0.194301740971097,10,1,"px_kigali_24",-1.93750000000067,30.1041666666683,"RRRR",24
1,"SS","SS",0,0.00665249744554644,10,2,"px_kigali_24",-1.93750000000067,30.1041666666683,"SSSS",24
2,"SR","SS",0,0.0386311145321073,10,2,"px_kigali_24",-1.93750000000067,30.1041666666683,"SRSS",24
3,"RR","SS",0,0.0425178525980872,10,2,"px_kigali_24",-1.93750000000067,30.1041666666683,"RRSS",24
4,"SS","SR",0,0.0325379593825102,10,2,"px_kigali_24",-1.93750000000067,30.1041666666683,"SSSR",24
5,"SR","SR",1,0.188948232725486,10,2,"px_kigali_24",-1.93750000000067,30.1041666666683,"SRSR",24
6,"RR","SR",2,0.20795861587204,10,2,"px_kigali_24",-1.93750000000067,30.1041666666683,"RRSR",24
7,"SS","RR",0,0.0365770429248403,10,2,"px_kigali_24",-1.93750000000067,30.1041666666683,"SSRR",24
8,"SR","RR",1,0.212403228417812,10,2,"px_kigali_24",-1.93750000000067,30.1041666666683,"SRRR",24
9,"RR","RR",6,0.233773456101572,10,2,"px_kigali_24",-1.93750000000067,30.1041666666683,"RRRR",24
1,"SS","SS",0,0.0229918756802218,10,1,"px_kigali_25",-1.93750000000067,30.145833333335,"SSSS",25
2,"SR","SS",2,0.252641991278794,10,1,"px_kigali_25",-1.93750000000067,30.145833333335,"SRSS",25
3,"RR","SS",6,0.694027497444583,10,1,"px_kigali_25",-1.93750000000067,30.145833333335,"RRSS",25
4,"SS","SR",0,0.000713826222452294,10,1,"px_kigali_25",-1.93750000000067,30.145833333335,"SSSR",25
5,"SR","SR",2,0.00784374797322439,10,1,"px_kigali_25",-1.93750000000067,30.145833333335,"SRSR",25
6,"RR","SR",0,0.0215473949872239,10,1,"px_kigali_25",-1.93750000000067,30.145833333335,"RRSR",25
7,"SS","RR",0,0.00000554052097678766,10,1,"px_kigali_25",-1.93750000000067,30.145833333335,"SSRR",25
8,"SR","RR",0,0.0000608809943027692,10,1,"px_kigali_25",-1.93750000000067,30.145833333335,"SRRR",25
9,"RR","RR",0,0.00016724489822146,10,1,"px_kigali_25",-1.93750000000067,30.145833333335,"RRRR",25
1,"SS","SS",1,0.0174401999082187,10,2,"px_kigali_25",-1.93750000000067,30.145833333335,"SSSS",25
2,"SR","SS",1,0.242522544580943,10,2,"px_kigali_25",-1.93750000000067,30.145833333335,"SRSS",25
3,"RR","SS",8,0.704698958995221,10,2,"px_kigali_25",-1.93750000000067,30.145833333335,"RRSS",25
4,"SS","SR",0,0.000633400237788317,10,2,"px_kigali_25",-1.93750000000067,30.145833333335,"SSSR",25
5,"SR","SR",0,0.00880803191563226,10,2,"px_kigali_25",-1.93750000000067,30.145833333335,"SRSR",25
6,"RR","SR",0,0.0255935419631518,10,2,"px_kigali_25",-1.93750000000067,30.145833333335,"RRSR",25
7,"SS","RR",0,0.00000548379111234215,10,2,"px_kigali_25",-1.93750000000067,30.145833333335,"SSRR",25
8,"SR","RR",0,0.0000762573239707443,10,2,"px_kigali_25",-1.93750000000067,30.145833333335,"SRRR",25
9,"RR","RR",0,0.000221581283961868,10,2,"px_kigali_25",-1.93750000000067,30.145833333335,"RRRR",25
1,"SS","SS",0,0.00569249981018717,10,1,"px_kigali_26",-1.93750000000067,30.1875000000017,"SSSS",26
2,"SR","SS",2,0.0402473922997388,10,1,"px_kigali_26",-1.93750000000067,30.1875000000017,"SRSS",26
3,"RR","SS",1,0.0711397734285728,10,1,"px_kigali_26",-1.93750000000067,30.1875000000017,"RRSS",26
4,"SS","SR",0,0.0218880251948547,10,1,"px_kigali_26",-1.93750000000067,30.1875000000017,"SSSR",26
5,"SR","SR",2,0.154753792895589,10,1,"px_kigali_26",-1.93750000000067,30.1875000000017,"SRSR",26
6,"RR","SR",2,0.273536970589668,10,1,"px_kigali_26",-1.93750000000067,30.1875000000017,"RRSR",26
7,"SS","RR",0,0.021040213566468,10,1,"px_kigali_26",-1.93750000000067,30.1875000000017,"SSRR",26
8,"SR","RR",0,0.148759553397698,10,1,"px_kigali_26",-1.93750000000067,30.1875000000017,"SRRR",26
9,"RR","RR",3,0.262941778817223,10,1,"px_kigali_26",-1.93750000000067,30.1875000000017,"RRRR",26
1,"SS","SS",0,0.0042311071032001,10,2,"px_kigali_26",-1.93750000000067,30.1875000000017,"SSSS",26
2,"SR","SS",0,0.0349525053177809,10,2,"px_kigali_26",-1.93750000000067,30.1875000000017,"SRSS",26
3,"RR","SS",1,0.0642312883269454,10,2,"px_kigali_26",-1.93750000000067,30.1875000000017,"RRSS",26
4,"SS","SR",0,0.0180207539928189,10,2,"px_kigali_26",-1.93750000000067,30.1875000000017,"SSSR",26
5,"SR","SR",1,0.148866593163769,10,2,"px_kigali_26",-1.93750000000067,30.1875000000017,"SRSR",26
6,"RR","SR",7,0.273568174321623,10,2,"px_kigali_26",-1.93750000000067,30.1875000000017,"RRSR",26
7,"SS","RR",0,0.0186620407943229,10,2,"px_kigali_26",-1.93750000000067,30.1875000000017,"SSRR",26
8,"SR","RR",1,0.154164161812607,10,2,"px_kigali_26",-1.93750000000067,30.1875000000017,"SRRR",26
9,"RR","RR",0,0.283303375166932,10,2,"px_kigali_26",-1.93750000000067,30.1875000000017,"RRRR",26
1,"SS","SS",0,0.122144004054369,10,1,"px_kigali_27",-1.93750000000067,30.2291666666683,"SSSS",27
2,"SR","SS",6,0.244761031731449,10,1,"px_kigali_27",-1.93750000000067,30.2291666666683,"SRSS",27
3,"RR","SS",1,0.122617485643864,10,1,"px_kigali_27",-1.93750000000067,30.2291666666683,"RRSS",27
4,"SS","SR",2,0.104865017475558,10,1,"px_kigali_27",-1.93750000000067,30.2291666666683,"SSSR",27
5,"SR","SR",0,0.210136142732221,10,1,"px_kigali_27",-1.93750000000067,30.2291666666683,"SRSR",27
6,"RR","SR",0,0.105271518437608,10,1,"px_kigali_27",-1.93750000000067,30.2291666666683,"RRSR",27
7,"SS","RR",0,0.022507596617977,10,1,"px_kigali_27",-1.93750000000067,30.2291666666683,"SSRR",27
8,"SR","RR",0,0.0451023577674687,10,1,"px_kigali_27",-1.93750000000067,30.2291666666683,"SRRR",27
9,"RR","RR",1,0.0225948455394847,10,1,"px_kigali_27",-1.93750000000067,30.2291666666683,"RRRR",27
1,"SS","SS",0,0.107102455585167,10,2,"px_kigali_27",-1.93750000000067,30.2291666666683,"SSSS",27
2,"SR","SS",4,0.239191620276854,10,2,"px_kigali_27",-1.93750000000067,30.2291666666683,"SRSS",27
3,"RR","SS",1,0.123215225422382,10,2,"px_kigali_27",-1.93750000000067,30.2291666666683,"RRSS",27
4,"SS","SR",0,0.0986833280895314,10,2,"px_kigali_27",-1.93750000000067,30.2291666666683,"SSSR",27
5,"SR","SR",5,0.220389205934474,10,2,"px_kigali_27",-1.93750000000067,30.2291666666683,"SRSR",27
6,"RR","SR",0,0.113529502657513,10,2,"px_kigali_27",-1.93750000000067,30.2291666666683,"RRSR",27
7,"SS","RR",0,0.0223299433027539,10,2,"px_kigali_27",-1.93750000000067,30.2291666666683,"SSRR",27
8,"SR","RR",0,0.0498694011271173,10,2,"px_kigali_27",-1.93750000000067,30.2291666666683,"SRRR",27
9,"RR","RR",0,0.0256893176042069,10,2,"px_kigali_27",-1.93750000000067,30.2291666666683,"RRRR",27
1,"SS","SS",0,0.0162321906438518,10,1,"px_kigali_28",-1.93750000000067,30.270833333335,"SSSS",28
2,"SR","SS",0,0.00619884508899707,10,1,"px_kigali_28",-1.93750000000067,30.270833333335,"SRSS",28
3,"RR","SS",0,0.00059181291795019,10,1,"px_kigali_28",-1.93750000000067,30.270833333335,"RRSS",28
4,"SS","SR",0,0.1814931613019,10,1,"px_kigali_28",-1.93750000000067,30.270833333335,"SSSR",28
5,"SR","SR",5,0.069309683228059,10,1,"px_kigali_28",-1.93750000000067,30.270833333335,"SRSR",28
6,"RR","SR",0,0.00661709806980149,10,1,"px_kigali_28",-1.93750000000067,30.270833333335,"RRSR",28
7,"SS","RR",3,0.507321659831761,10,1,"px_kigali_28",-1.93750000000067,30.270833333335,"SSRR",28
8,"SR","RR",2,0.193738999780728,10,1,"px_kigali_28",-1.93750000000067,30.270833333335,"SRRR",28
9,"RR","RR",0,0.0184965491369514,10,1,"px_kigali_28",-1.93750000000067,30.270833333335,"RRRR",28
1,"SS","SS",0,0.0146330230773542,10,2,"px_kigali_28",-1.93750000000067,30.270833333335,"SSSS",28
2,"SR","SS",0,0.00605166245621389,10,2,"px_kigali_28",-1.93750000000067,30.270833333335,"SRSS",28
3,"RR","SS",0,0.000589940194222645,10,2,"px_kigali_28",-1.93750000000067,30.270833333335,"RRSS",28
4,"SS","SR",1,0.172291029222185,10,2,"px_kigali_28",-1.93750000000067,30.270833333335,"SSSR",28
5,"SR","SR",0,0.0712530245851879,10,2,"px_kigali_28",-1.93750000000067,30.270833333335,"SRSR",28
6,"RR","SR",0,0.00694602904026394,10,2,"px_kigali_28",-1.93750000000067,30.270833333335,"RRSR",28
7,"SS","RR",6,0.50089171774427,10,2,"px_kigali_28",-1.93750000000067,30.270833333335,"SSRR",28
8,"SR","RR",3,0.207149786266144,10,2,"px_kigali_28",-1.93750000000067,30.270833333335,"SRRR",28
9,"RR","RR",0,0.0201937874141586,10,2,"px_kigali_28",-1.93750000000067,30.270833333335,"RRRR",28
1,"SS","SS",0,0.0116519822023342,10,1,"px_kigali_29",-1.97916666666734,29.9791666666683,"SSSS",29
2,"SR","SS",0,0.0375208327512913,10,1,"px_kigali_29",-1.97916666666734,29.9791666666683,"SRSS",29
3,"RR","SS",1,0.03020543770818,10,1,"px_kigali_29",-1.97916666666734,29.9791666666683,"RRSS",29
4,"SS","SR",0,0.0594100389067871,10,1,"px_kigali_29",-1.97916666666734,29.9791666666683,"SSSR",29
5,"SR","SR",2,0.191307718709245,10,1,"px_kigali_29",-1.97916666666734,29.9791666666683,"SRSR",29
6,"RR","SR",3,0.154008665502427,10,1,"px_kigali_29",-1.97916666666734,29.9791666666683,"RRSR",29
7,"SS","RR",2,0.0757285898152329,10,1,"px_kigali_29",-1.97916666666734,29.9791666666683,"SSRR",29
8,"SR","RR",1,0.243855483436912,10,1,"px_kigali_29",-1.97916666666734,29.9791666666683,"SRRR",29
9,"RR","RR",1,0.196311250967591,10,1,"px_kigali_29",-1.97916666666734,29.9791666666683,"RRRR",29
1,"SS","SS",0,0.00272480947742018,10,2,"px_kigali_29",-1.97916666666734,29.9791666666683,"SSSS",29
2,"SR","SS",0,0.0191429291268081,10,2,"px_kigali_29",-1.97916666666734,29.9791666666683,"SRSS",29
3,"RR","SS",0,0.0177079137484921,10,2,"px_kigali_29",-1.97916666666734,29.9791666666683,"RRSS",29
4,"SS","SR",0,0.024391558903247,10,2,"px_kigali_29",-1.97916666666734,29.9791666666683,"SSSR",29
5,"SR","SR",0,0.171360928992108,10,2,"px_kigali_29",-1.97916666666734,29.9791666666683,"SRSR",29
6,"RR","SR",1,0.158515164024937,10,2,"px_kigali_29",-1.97916666666734,29.9791666666683,"RRSR",29
7,"SS","RR",0,0.04173428386216,10,2,"px_kigali_29",-1.97916666666734,29.9791666666683,"SSRR",29
8,"SR","RR",1,0.293200843857834,10,2,"px_kigali_29",-1.97916666666734,29.9791666666683,"SRRR",29
9,"RR","RR",8,0.271221568006994,10,2,"px_kigali_29",-1.97916666666734,29.9791666666683,"RRRR",29
1,"SS","SS",0,0.000000258643277131059,10,1,"px_kigali_30",-1.97916666666734,30.020833333335,"SSSS",30
2,"SR","SS",0,0.000440928514258514,10,1,"px_kigali_30",-1.97916666666734,30.020833333335,"SRSS",30
3,"RR","SS",0,0.187921080209206,10,1,"px_kigali_30",-1.97916666666734,30.020833333335,"RRSS",30
4,"SS","SR",0,0.000000674598119395687,10,1,"px_kigali_30",-1.97916666666734,30.020833333335,"SSSR",30
5,"SR","SR",0,0.00115003780421482,10,1,"px_kigali_30",-1.97916666666734,30.020833333335,"SRSR",30
6,"RR","SR",3,0.490139193680644,10,1,"px_kigali_30",-1.97916666666734,30.020833333335,"RRSR",30
7,"SS","RR",0,0.000000439874784048209,10,1,"px_kigali_30",-1.97916666666734,30.020833333335,"SSRR",30
8,"SR","RR",0,0.000749887401449381,10,1,"px_kigali_30",-1.97916666666734,30.020833333335,"SRRR",30
9,"RR","RR",7,0.319597499274047,10,1,"px_kigali_30",-1.97916666666734,30.020833333335,"RRRR",30
1,"SS","SS",0,0.0000000639566866020696,10,2,"px_kigali_30",-1.97916666666734,30.020833333335,"SSSS",30
2,"SR","SS",0,0.000224419993315155,10,2,"px_kigali_30",-1.97916666666734,30.020833333335,"SRSS",30
3,"RR","SS",0,0.109180943816988,10,2,"px_kigali_30",-1.97916666666734,30.020833333335,"RRSS",30
4,"SS","SR",0,0.000000279703194898129,10,2,"px_kigali_30",-1.97916666666734,30.020833333335,"SSSR",30
5,"SR","SR",0,0.000981460930267057,10,2,"px_kigali_30",-1.97916666666734,30.020833333335,"SRSR",30
6,"RR","SR",1,0.477483441217179,10,2,"px_kigali_30",-1.97916666666734,30.020833333335,"RRSR",30
7,"SS","RR",0,0.000000240924338016619,10,2,"px_kigali_30",-1.97916666666734,30.020833333335,"SSRR",30
8,"SR","RR",0,0.000845388358899103,10,2,"px_kigali_30",-1.97916666666734,30.020833333335,"SRRR",30
9,"RR","RR",9,0.411283761099132,10,2,"px_kigali_30",-1.97916666666734,30.020833333335,"RRRR",30
1,"SS","SS",0,0.00232232958179045,10,1,"px_kigali_31",-1.97916666666734,30.0625000000017,"SSSS",31
2,"SR","SS",0,0.0174992724730689,10,1,"px_kigali_31",-1.97916666666734,30.0625000000017,"SRSS",31
3,"RR","SS",1,0.0329652323569229,10,1,"px_kigali_31",-1.97916666666734,30.0625000000017,"RRSS",31
4,"SS","SR",0,0.0155711458791185,10,1,"px_kigali_31",-1.97916666666734,30.0625000000017,"SSSR",31
5,"SR","SR",0,0.117332064575658,10,1,"px_kigali_31",-1.97916666666734,30.0625000000017,"SRSR",31
6,"RR","SR",2,0.221030833002152,10,1,"px_kigali_31",-1.97916666666734,30.0625000000017,"RRSR",31
7,"SS","RR",0,0.0261010092940264,10,1,"px_kigali_31",-1.97916666666734,30.0625000000017,"SSRR",31
8,"SR","RR",5,0.196676938983885,10,1,"px_kigali_31",-1.97916666666734,30.0625000000017,"SRRR",31
9,"RR","RR",2,0.370501173853377,10,1,"px_kigali_31",-1.97916666666734,30.0625000000017,"RRRR",31
1,"SS","SS",0,0.000661467227943431,10,2,"px_kigali_31",-1.97916666666734,30.0625000000017,"SSSS",31
2,"SR","SS",0,0.00927546164928807,10,2,"px_kigali_31",-1.97916666666734,30.0625000000017,"SRSS",31
3,"RR","SS",1,0.0196979321682825,10,2,"px_kigali_31",-1.97916666666734,30.0625000000017,"RRSS",31
4,"SS","SR",0,0.00687681950555761,10,2,"px_kigali_31",-1.97916666666734,30.0625000000017,"SSSR",31
5,"SR","SR",3,0.0964305908112665,10,2,"px_kigali_31",-1.97916666666734,30.0625000000017,"SRSR",31
6,"RR","SR",0,0.204785843397189,10,2,"px_kigali_31",-1.97916666666734,30.0625000000017,"RRSR",31
7,"SS","RR",0,0.0147822912819495,10,2,"px_kigali_31",-1.97916666666734,30.0625000000017,"SSRR",31
8,"SR","RR",4,0.207285516321987,10,2,"px_kigali_31",-1.97916666666734,30.0625000000017,"SRRR",31
9,"RR","RR",2,0.440204077636537,10,2,"px_kigali_31",-1.97916666666734,30.0625000000017,"RRRR",31
1,"SS","SS",3,0.33462408242724,10,1,"px_kigali_32",-1.97916666666734,30.1041666666683,"SSSS",32
2,"SR","SS",3,0.341957634347885,10,1,"px_kigali_32",-1.97916666666734,30.1041666666683,"SRSS",32
3,"RR","SS",3,0.0873629767180572,10,1,"px_kigali_32",-1.97916666666734,30.1041666666683,"RRSS",32
4,"SS","SR",0,0.0964475730876864,10,1,"px_kigali_32",-1.97916666666734,30.1041666666683,"SSSR",32
5,"SR","SR",1,0.0985612980764208,10,1,"px_kigali_32",-1.97916666666734,30.1041666666683,"SRSR",32
6,"RR","SR",0,0.025180336755962,10,1,"px_kigali_32",-1.97916666666734,30.1041666666683,"RRSR",32
7,"SS","RR",0,0.00694968984863876,10,1,"px_kigali_32",-1.97916666666734,30.1041666666683,"SSRR",32
8,"SR","RR",0,0.00710199780856706,10,1,"px_kigali_32",-1.97916666666734,30.1041666666683,"SRRR",32
9,"RR","RR",0,0.00181441092954319,10,1,"px_kigali_32",-1.97916666666734,30.1041666666683,"RRRR",32
1,"SS","SS",2,0.221023832844464,10,2,"px_kigali_32",-1.97916666666734,30.1041666666683,"SSSS",32
2,"SR","SS",5,0.368802226149865,10,2,"px_kigali_32",-1.97916666666734,30.1041666666683,"SRSS",32
3,"RR","SS",2,0.104271184873421,10,2,"px_kigali_32",-1.97916666666734,30.1041666666683,"RRSS",32
4,"SS","SR",0,0.0894844087054441,10,2,"px_kigali_32",-1.97916666666734,30.1041666666683,"SSSR",32
5,"SR","SR",1,0.14931443687114,10,2,"px_kigali_32",-1.97916666666734,30.1041666666683,"SRSR",32
6,"RR","SR",0,0.0422155620203189,10,2,"px_kigali_32",-1.97916666666734,30.1041666666683,"RRSR",32
7,"SS","RR",0,0.00792528458375404,10,2,"px_kigali_32",-1.97916666666734,30.1041666666683,"SSRR",32
8,"SR","RR",0,0.0132241965029017,10,2,"px_kigali_32",-1.97916666666734,30.1041666666683,"SRRR",32
9,"RR","RR",0,0.00373886744869099,10,2,"px_kigali_32",-1.97916666666734,30.1041666666683,"RRRR",32
1,"SS","SS",0,0.00509452537405996,10,1,"px_kigali_33",-1.97916666666734,30.145833333335,"SSSS",33
2,"SR","SS",0,0.0492395039956376,10,1,"px_kigali_33",-1.97916666666734,30.145833333335,"SRSS",33
3,"RR","SS",0,0.118977165476025,10,1,"px_kigali_33",-1.97916666666734,30.145833333335,"RRSS",33
4,"SS","SR",0,0.0142858205719077,10,1,"px_kigali_33",-1.97916666666734,30.145833333335,"SSSR",33
5,"SR","SR",2,0.138075025146225,10,1,"px_kigali_33",-1.97916666666734,30.145833333335,"SRSR",33
6,"RR","SR",2,0.333629987750976,10,1,"px_kigali_33",-1.97916666666734,30.145833333335,"RRSR",33
7,"SS","RR",0,0.0100149010177094,10,1,"px_kigali_33",-1.97916666666734,30.145833333335,"SSRR",33
8,"SR","RR",3,0.0967958195258589,10,1,"px_kigali_33",-1.97916666666734,30.145833333335,"SRRR",33
9,"RR","RR",3,0.233887251141601,10,1,"px_kigali_33",-1.97916666666734,30.145833333335,"RRRR",33
1,"SS","SS",0,0.00255183951278165,10,2,"px_kigali_33",-1.97916666666734,30.145833333335,"SSSS",33
2,"SR","SS",0,0.0357052085170194,10,2,"px_kigali_33",-1.97916666666734,30.145833333335,"SRSS",33
3,"RR","SS",4,0.093616750500657,10,2,"px_kigali_33",-1.97916666666734,30.145833333335,"RRSS",33
4,"SS","SR",0,0.00920419881815251,10,2,"px_kigali_33",-1.97916666666734,30.145833333335,"SSSR",33
5,"SR","SR",0,0.128784681163592,10,2,"px_kigali_33",-1.97916666666734,30.145833333335,"SRSR",33
6,"RR","SR",4,0.337665115694584,10,2,"px_kigali_33",-1.97916666666734,30.145833333335,"RRSR",33
7,"SS","RR",0,0.00759457976923577,10,2,"px_kigali_33",-1.97916666666734,30.145833333335,"SSRR",33
8,"SR","RR",0,0.106262973396832,10,2,"px_kigali_33",-1.97916666666734,30.145833333335,"SRRR",33
9,"RR","RR",2,0.278614652627146,10,2,"px_kigali_33",-1.97916666666734,30.145833333335,"RRRR",33
1,"SS","SS",0,0.00875621953817097,10,1,"px_kigali_34",-1.97916666666734,30.1875000000017,"SSSS",34
2,"SR","SS",0,0.0699304337872704,10,1,"px_kigali_34",-1.97916666666734,30.1875000000017,"SRSS",34
3,"RR","SS",3,0.139622629048322,10,1,"px_kigali_34",-1.97916666666734,30.1875000000017,"RRSS",34
4,"SS","SR",0,0.0199685062933964,10,1,"px_kigali_34",-1.97916666666734,30.1875000000017,"SSSR",34
5,"SR","SR",2,0.159475936058216,10,1,"px_kigali_34",-1.97916666666734,30.1875000000017,"SRSR",34
6,"RR","SR",3,0.318408570582088,10,1,"px_kigali_34",-1.97916666666734,30.1875000000017,"RRSR",34
7,"SS","RR",0,0.0113845147969626,10,1,"px_kigali_34",-1.97916666666734,30.1875000000017,"SSRR",34
8,"SR","RR",0,0.0909209796235295,10,1,"px_kigali_34",-1.97916666666734,30.1875000000017,"SRRR",34
9,"RR","RR",2,0.181532210272045,10,1,"px_kigali_34",-1.97916666666734,30.1875000000017,"RRRR",34
1,"SS","SS",0,0.00526130945880153,10,2,"px_kigali_34",-1.97916666666734,30.1875000000017,"SSSS",34
2,"SR","SS",0,0.0558317664807477,10,2,"px_kigali_34",-1.97916666666734,30.1875000000017,"SRSS",34
3,"RR","SS",1,0.119063474364807,10,2,"px_kigali_34",-1.97916666666734,30.1875000000017,"RRSS",34
4,"SS","SR",0,0.0145206146703545,10,2,"px_kigali_34",-1.97916666666734,30.1875000000017,"SSSR",34
5,"SR","SR",0,0.154089314415052,10,2,"px_kigali_34",-1.97916666666734,30.1875000000017,"SRSR",34
6,"RR","SR",7,0.328601624006892,10,2,"px_kigali_34",-1.97916666666734,30.1875000000017,"RRSR",34
7,"SS","RR",0,0.00942217336223724,10,2,"px_kigali_34",-1.97916666666734,30.1875000000017,"SSRR",34
8,"SR","RR",0,0.0999858660701895,10,2,"px_kigali_34",-1.97916666666734,30.1875000000017,"SRRR",34
9,"RR","RR",2,0.213223857170919,10,2,"px_kigali_34",-1.97916666666734,30.1875000000017,"RRRR",34
1,"SS","SS",0,0.00339226274925906,10,1,"px_kigali_35",-1.97916666666734,30.2291666666683,"SSSS",35
2,"SR","SS",1,0.0381939643894842,10,1,"px_kigali_35",-1.97916666666734,30.2291666666683,"SRSS",35
3,"RR","SS",0,0.107507807005704,10,1,"px_kigali_35",-1.97916666666734,30.2291666666683,"RRSS",35
4,"SS","SR",0,0.0107861859247317,10,1,"px_kigali_35",-1.97916666666734,30.2291666666683,"SSSR",35
5,"SR","SR",2,0.121443187500007,10,1,"px_kigali_35",-1.97916666666734,30.2291666666683,"SRSR",35
6,"RR","SR",3,0.341836490990263,10,1,"px_kigali_35",-1.97916666666734,30.2291666666683,"RRSR",35
7,"SS","RR",0,0.00857405627179749,10,1,"px_kigali_35",-1.97916666666734,30.2291666666683,"SSRR",35
8,"SR","RR",0,0.0965365079665465,10,1,"px_kigali_35",-1.97916666666734,30.2291666666683,"SRRR",35
9,"RR","RR",4,0.271729537202207,10,1,"px_kigali_35",-1.97916666666734,30.2291666666683,"RRRR",35
1,"SS","SS",0,0.00219646491388003,10,2,"px_kigali_35",-1.97916666666734,30.2291666666683,"SSSS",35
2,"SR","SS",1,0.0310443546634503,10,2,"px_kigali_35",-1.97916666666734,30.2291666666683,"SRSS",35
3,"RR","SS",0,0.0922745116367648,10,2,"px_kigali_35",-1.97916666666734,30.2291666666683,"RRSS",35
4,"SS","SR",0,0.0081242214289056,10,2,"px_kigali_35",-1.97916666666734,30.2291666666683,"SSSR",35
5,"SR","SR",0,0.114825968677924,10,2,"px_kigali_35",-1.97916666666734,30.2291666666683,"SRSR",35
6,"RR","SR",5,0.341302317211588,10,2,"px_kigali_35",-1.97916666666734,30.2291666666683,"RRSR",35
7,"SS","RR",0,0.00717888835166708,10,2,"px_kigali_35",-1.97916666666734,30.2291666666683,"SSRR",35
8,"SR","RR",2,0.101464837735458,10,2,"px_kigali_35",-1.97916666666734,30.2291666666683,"SRRR",35
9,"RR","RR",2,0.301588435380362,10,2,"px_kigali_35",-1.97916666666734,30.2291666666683,"RRRR",35
1,"SS","SS",0,0.000000907436418897664,10,1,"px_kigali_36",-2.020833333334,29.9791666666683,"SSSS",36
2,"SR","SS",0,0.0000437000801381102,10,1,"px_kigali_36",-2.020833333334,29.9791666666683,"SRSS",36
3,"RR","SS",0,0.000526124190483342,10,1,"px_kigali_36",-2.020833333334,29.9791666666683,"RRSS",36
4,"SS","SR",0,0.0000741530409798587,10,1,"px_kigali_36",-2.020833333334,29.9791666666683,"SSSR",36
5,"SR","SR",0,0.00357104229654005,10,1,"px_kigali_36",-2.020833333334,29.9791666666683,"SRSR",36
6,"RR","SR",0,0.0429933247607577,10,1,"px_kigali_36",-2.020833333334,29.9791666666683,"RRSR",36
7,"SS","RR",0,0.0015148922231501,10,1,"px_kigali_36",-2.020833333334,29.9791666666683,"SSRR",36
8,"SR","RR",1,0.0729537741417508,10,1,"px_kigali_36",-2.020833333334,29.9791666666683,"SRRR",36
9,"RR","RR",9,0.878322081829781,10,1,"px_kigali_36",-2.020833333334,29.9791666666683,"RRRR",36
1,"SS","SS",0,0.000000144861673185026,10,2,"px_kigali_36",-2.020833333334,29.9791666666683,"SSSS",36
2,"SR","SS",0,0.0000158097635862845,10,2,"px_kigali_36",-2.020833333334,29.9791666666683,"SRSS",36
3,"RR","SS",0,0.000219610041549152,10,2,"px_kigali_36",-2.020833333334,29.9791666666683,"RRSS",36
4,"SS","SR",0,0.0000214228423280754,10,2,"px_kigali_36",-2.020833333334,29.9791666666683,"SSSR",36
5,"SR","SR",0,0.00233802402738042,10,2,"px_kigali_36",-2.020833333334,29.9791666666683,"SRSR",36
6,"RR","SR",0,0.0324769912588299,10,2,"px_kigali_36",-2.020833333334,29.9791666666683,"RRSR",36
7,"SS","RR",0,0.000593387310889471,10,2,"px_kigali_36",-2.020833333334,29.9791666666683,"SSRR",36
8,"SR","RR",2,0.0647604911223225,10,2,"px_kigali_36",-2.020833333334,29.9791666666683,"SRRR",36
9,"RR","RR",8,0.899574118771441,10,2,"px_kigali_36",-2.020833333334,29.9791666666683,"RRRR",36
1,"SS","SS",0,0.0593088921899246,10,1,"px_kigali_37",-2.020833333334,30.020833333335,"SSSS",37
2,"SR","SS",0,0.000288130832155471,10,1,"px_kigali_37",-2.020833333334,30.020833333335,"SRSS",37
3,"RR","SS",0,0.000000349944955459241,10,1,"px_kigali_37",-2.020833333334,30.020833333335,"RRSS",37
4,"SS","SR",2,0.367270300685378,10,1,"px_kigali_37",-2.020833333334,30.020833333335,"SSSR",37
5,"SR","SR",0,0.00178425010913363,10,1,"px_kigali_37",-2.020833333334,30.020833333335,"SRSR",37
6,"RR","SR",0,0.00000216703405289166,10,1,"px_kigali_37",-2.020833333334,30.020833333335,"RRSR",37
7,"SS","RR",8,0.568580312271501,10,1,"px_kigali_37",-2.020833333334,30.020833333335,"SSRR",37
8,"SR","RR",0,0.00276224209343495,10,1,"px_kigali_37",-2.020833333334,30.020833333335,"SRRR",37
9,"RR","RR",0,0.00000335483946345997,10,1,"px_kigali_37",-2.020833333334,30.020833333335,"RRRR",37
1,"SS","SS",0,0.0288692158544618,10,2,"px_kigali_37",-2.020833333334,30.020833333335,"SSSS",37
2,"SR","SS",0,0.000304231085841366,10,2,"px_kigali_37",-2.020833333334,30.020833333335,"SRSS",37
3,"RR","SS",0,0.000000424311205196293,10,2,"px_kigali_37",-2.020833333334,30.020833333335,"RRSS",37
4,"SS","SR",3,0.312433944033528,10,2,"px_kigali_37",-2.020833333334,30.020833333335,"SSSR",37
5,"SR","SR",0,0.00329250778844173,10,2,"px_kigali_37",-2.020833333334,30.020833333335,"SRSR",37
6,"RR","SR",0,0.0000045920618005497,10,2,"px_kigali_37",-2.020833333334,30.020833333335,"RRSR",37
7,"SS","RR",6,0.648254091721845,10,2,"px_kigali_37",-2.020833333334,30.020833333335,"SSRR",37
8,"SR","RR",1,0.00683146529576297,10,2,"px_kigali_37",-2.020833333334,30.020833333335,"SRRR",37
9,"RR","RR",0,0.00000952784711294517,10,2,"px_kigali_37",-2.020833333334,30.020833333335,"RRRR",37
1,"SS","SS",2,0.102168729124453,10,1,"px_kigali_38",-2.020833333334,30.0625000000017,"SSSS",38
2,"SR","SS",5,0.385365450618667,10,1,"px_kigali_38",-2.020833333334,30.0625000000017,"SRSS",38
3,"RR","SS",1,0.363385479598557,10,1,"px_kigali_38",-2.020833333334,30.0625000000017,"RRSS",38
4,"SS","SR",1,0.0171778315105853,10,1,"px_kigali_38",-2.020833333334,30.0625000000017,"SSSR",38
5,"SR","SR",1,0.0647922592113746,10,1,"px_kigali_38",-2.020833333334,30.0625000000017,"SRSR",38
6,"RR","SR",0,0.0610967229937215,10,1,"px_kigali_38",-2.020833333334,30.0625000000017,"RRSR",38
7,"SS","RR",0,0.000722035739262038,10,1,"px_kigali_38",-2.020833333334,30.0625000000017,"SSRR",38
8,"SR","RR",0,0.00272341283294776,10,1,"px_kigali_38",-2.020833333334,30.0625000000017,"SRRR",38
9,"RR","RR",0,0.00256807837043202,10,1,"px_kigali_38",-2.020833333334,30.0625000000017,"RRRR",38
1,"SS","SS",0,0.0467100309532099,10,2,"px_kigali_38",-2.020833333334,30.0625000000017,"SSSS",38
2,"SR","SS",8,0.351453461506183,10,2,"px_kigali_38",-2.020833333334,30.0625000000017,"SRSS",38
3,"RR","SS",1,0.3768934988483,10,2,"px_kigali_38",-2.020833333334,30.0625000000017,"RRSS",38
4,"SS","SR",0,0.0128494343880542,10,2,"px_kigali_38",-2.020833333334,30.0625000000017,"SSSR",38
5,"SR","SR",1,0.0966811218472955,10,2,"px_kigali_38",-2.020833333334,30.0625000000017,"SRSR",38
6,"RR","SR",0,0.103679406455255,10,2,"px_kigali_38",-2.020833333334,30.0625000000017,"RRSR",38
7,"SS","RR",0,0.000707110506790312,10,2,"px_kigali_38",-2.020833333334,30.0625000000017,"SSRR",38
8,"SR","RR",0,0.00532040827649609,10,2,"px_kigali_38",-2.020833333334,30.0625000000017,"SRRR",38
9,"RR","RR",0,0.00570552721841605,10,2,"px_kigali_38",-2.020833333334,30.0625000000017,"RRRR",38
1,"SS","SS",0,0.0026315014098476,10,1,"px_kigali_39",-2.020833333334,30.1041666666683,"SSSS",39
2,"SR","SS",0,0.0413049817105533,10,1,"px_kigali_39",-2.020833333334,30.1041666666683,"SRSS",39
3,"RR","SS",2,0.162084419548788,10,1,"px_kigali_39",-2.020833333334,30.1041666666683,"RRSS",39
4,"SS","SR",0,0.00633218959463828,10,1,"px_kigali_39",-2.020833333334,30.1041666666683,"SSSR",39
5,"SR","SR",0,0.0993922991701674,10,1,"px_kigali_39",-2.020833333334,30.1041666666683,"SRSR",39
6,"RR","SR",7,0.390024216243631,10,1,"px_kigali_39",-2.020833333334,30.1041666666683,"RRSR",39
7,"SS","RR",0,0.00380929161889891,10,1,"px_kigali_39",-2.020833333334,30.1041666666683,"SSRR",39
8,"SR","RR",0,0.0597919955733164,10,1,"px_kigali_39",-2.020833333334,30.1041666666683,"SRRR",39
9,"RR","RR",1,0.234629105130159,10,1,"px_kigali_39",-2.020833333334,30.1041666666683,"RRRR",39
1,"SS","SS",0,0.000895609027871446,10,2,"px_kigali_39",-2.020833333334,30.1041666666683,"SSSS",39
2,"SR","SS",0,0.0250322151418297,10,2,"px_kigali_39",-2.020833333334,30.1041666666683,"SRSS",39
3,"RR","SS",1,0.110080684670365,10,2,"px_kigali_39",-2.020833333334,30.1041666666683,"RRSS",39
4,"SS","SR",0,0.00323095396586332,10,2,"px_kigali_39",-2.020833333334,30.1041666666683,"SSSR",39
5,"SR","SR",4,0.0903049570403029,10,2,"px_kigali_39",-2.020833333334,30.1041666666683,"SRSR",39
6,"RR","SR",0,0.397121526952403,10,2,"px_kigali_39",-2.020833333334,30.1041666666683,"RRSR",39
7,"SS","RR",0,0.00245838551801314,10,2,"px_kigali_39",-2.020833333334,30.1041666666683,"SSRR",39
8,"SR","RR",5,0.0687117182535775,10,2,"px_kigali_39",-2.020833333334,30.1041666666683,"SRRR",39
9,"RR","RR",0,0.302163949429774,10,2,"px_kigali_39",-2.020833333334,30.1041666666683,"RRRR",39
1,"SS","SS",0,0.00719885380550943,10,1,"px_kigali_40",-2.020833333334,30.145833333335,"SSSS",40
2,"SR","SS",3,0.149399494993901,10,1,"px_kigali_40",-2.020833333334,30.145833333335,"SRSS",40
3,"RR","SS",6,0.775130656563266,10,1,"px_kigali_40",-2.020833333334,30.145833333335,"RRSS",40
4,"SS","SR",0,0.000518160749758639,10,1,"px_kigali_40",-2.020833333334,30.145833333335,"SSSR",40
5,"SR","SR",1,0.0107535111048312,10,1,"px_kigali_40",-2.020833333334,30.145833333335,"SRSR",40
6,"RR","SR",0,0.0557925321192581,10,1,"px_kigali_40",-2.020833333334,30.145833333335,"RRSR",40
7,"SS","RR",0,0.00000932407331982899,10,1,"px_kigali_40",-2.020833333334,30.145833333335,"SSRR",40
8,"SR","RR",0,0.000193504672119117,10,1,"px_kigali_40",-2.020833333334,30.145833333335,"SRRR",40
9,"RR","RR",0,0.00100396191803643,10,1,"px_kigali_40",-2.020833333334,30.145833333335,"RRRR",40
1,"SS","SS",0,0.00402966318554264,10,2,"px_kigali_40",-2.020833333334,30.145833333335,"SSSS",40
2,"SR","SS",0,0.134289565409703,10,2,"px_kigali_40",-2.020833333334,30.145833333335,"SRSS",40
3,"RR","SS",10,0.769074734852403,10,2,"px_kigali_40",-2.020833333334,30.145833333335,"RRSS",40
4,"SS","SR",0,0.000402406806779778,10,2,"px_kigali_40",-2.020833333334,30.145833333335,"SSSR",40
5,"SR","SR",0,0.0134103106667179,10,2,"px_kigali_40",-2.020833333334,30.145833333335,"SRSR",40
6,"RR","SR",0,0.0768006887864214,10,2,"px_kigali_40",-2.020833333334,30.145833333335,"RRSR",40
7,"SS","RR",0,0.00000884910992938536,10,2,"px_kigali_40",-2.020833333334,30.145833333335,"SSRR",40
8,"SR","RR",0,0.000294898871683199,10,2,"px_kigali_40",-2.020833333334,30.145833333335,"SRRR",40
9,"RR","RR",0,0.00168888231081907,10,2,"px_kigali_40",-2.020833333334,30.145833333335,"RRRR",40
1,"SS","SS",0,0.00341802696524446,10,1,"px_kigali_41",-2.020833333334,30.1875000000017,"SSSS",41
2,"SR","SS",0,0.00710040001260978,10,1,"px_kigali_41",-2.020833333334,30.1875000000017,"SRSS",41
3,"RR","SS",0,0.00368748409915377,10,1,"px_kigali_41",-2.020833333334,30.1875000000017,"RRSS",41
4,"SS","SR",0,0.0505188998778047,10,1,"px_kigali_41",-2.020833333334,30.1875000000017,"SSSR",41
5,"SR","SR",0,0.104944870528177,10,1,"px_kigali_41",-2.020833333334,30.1875000000017,"SRSR",41
6,"RR","SR",0,0.0545015126856445,10,1,"px_kigali_41",-2.020833333334,30.1875000000017,"RRSR",41
7,"SS","RR",3,0.186669039695519,10,1,"px_kigali_41",-2.020833333334,30.1875000000017,"SSRR",41
8,"SR","RR",7,0.387774837731019,10,1,"px_kigali_41",-2.020833333334,30.1875000000017,"SRRR",41
9,"RR","RR",0,0.201384928404828,10,1,"px_kigali_41",-2.020833333334,30.1875000000017,"RRRR",41
1,"SS","SS",0,0.0015993448391933,10,2,"px_kigali_41",-2.020833333334,30.1875000000017,"SSSS",41
2,"SR","SS",0,0.00497910781766095,10,2,"px_kigali_41",-2.020833333334,30.1875000000017,"SRSS",41
3,"RR","SS",0,0.0028226177844602,10,2,"px_kigali_41",-2.020833333334,30.1875000000017,"RRSS",41
4,"SS","SR",0,0.0311762463820575,10,2,"px_kigali_41",-2.020833333334,30.1875000000017,"SSSR",41
5,"SR","SR",0,0.0970584256016506,10,2,"px_kigali_41",-2.020833333334,30.1875000000017,"SRSR",41
6,"RR","SR",0,0.0550216722086618,10,2,"px_kigali_41",-2.020833333334,30.1875000000017,"RRSR",41
7,"SS","RR",4,0.13734810364702,10,2,"px_kigali_41",-2.020833333334,30.1875000000017,"SSRR",41
8,"SR","RR",3,0.427594474844289,10,2,"px_kigali_41",-2.020833333334,30.1875000000017,"SRRR",41
9,"RR","RR",3,0.242400006875006,10,2,"px_kigali_41",-2.020833333334,30.1875000000017,"RRRR",41
1,"SS","SS",0,0.0905401351148681,10,1,"px_kigali_42",-2.020833333334,30.2291666666683,"SSSS",42
2,"SR","SS",2,0.417209952246229,10,1,"px_kigali_42",-2.020833333334,30.2291666666683,"SRSS",42
3,"RR","SS",8,0.480627028096157,10,1,"px_kigali_42",-2.020833333334,30.2291666666683,"RRSS",42
4,"SS","SR",0,0.00106160069939933,10,1,"px_kigali_42",-2.020833333334,30.2291666666683,"SSSR",42
5,"SR","SR",0,0.0048918678610214,10,1,"px_kigali_42",-2.020833333334,30.2291666666683,"SRSR",42
6,"RR","SR",0,0.00563544541357012,10,1,"px_kigali_42",-2.020833333334,30.2291666666683,"RRSR",42
7,"SS","RR",0,0.00000311186877653108,10,1,"px_kigali_42",-2.020833333334,30.2291666666683,"SSRR",42
8,"SR","RR",0,0.0000143395260235244,10,1,"px_kigali_42",-2.020833333334,30.2291666666683,"SRRR",42
9,"RR","RR",0,0.0000165191739551949,10,1,"px_kigali_42",-2.020833333334,30.2291666666683,"RRRR",42
1,"SS","SS",3,0.0620415862827235,10,2,"px_kigali_42",-2.020833333334,30.2291666666683,"SSSS",42
2,"SR","SS",4,0.410592733445898,10,2,"px_kigali_42",-2.020833333334,30.2291666666683,"SRSS",42
3,"RR","SS",3,0.512541402311944,10,2,"px_kigali_42",-2.020833333334,30.2291666666683,"RRSS",42
4,"SS","SR",0,0.000930360883459248,10,2,"px_kigali_42",-2.020833333334,30.2291666666683,"SSSR",42
5,"SR","SR",0,0.00615715105171396,10,2,"px_kigali_42",-2.020833333334,30.2291666666683,"SRSR",42
6,"RR","SR",0,0.00768594906151147,10,2,"px_kigali_42",-2.020833333334,30.2291666666683,"RRSR",42
7,"SS","RR",0,0.00000320020571816132,10,2,"px_kigali_42",-2.020833333334,30.2291666666683,"SSRR",42
8,"SR","RR",0,0.0000211790396109673,10,2,"px_kigali_42",-2.020833333334,30.2291666666683,"SRRR",42
9,"RR","RR",0,0.0000264377174206755,10,2,"px_kigali_42",-2.020833333334,30.2291666666683,"RRRR",42
1,"SS","SS",0,0.000479666751840083,10,1,"px_kigali_43",-2.06250000000067,29.9791666666683,"SSSS",43
2,"SR","SS",0,0.00123530848102284,10,1,"px_kigali_43",-2.06250000000067,29.9791666666683,"SRSS",43
3,"RR","SS",0,0.000795337094680629,10,1,"px_kigali_43",-2.06250000000067,29.9791666666683,"RRSS",43
4,"SS","SR",0,0.0181878867254391,10,1,"px_kigali_43",-2.06250000000067,29.9791666666683,"SSSR",43
5,"SR","SR",0,0.0468401252278335,10,1,"px_kigali_43",-2.06250000000067,29.9791666666683,"SRSR",43
6,"RR","SR",0,0.0301573976747378,10,1,"px_kigali_43",-2.06250000000067,29.9791666666683,"RRSR",43
7,"SS","RR",0,0.172410961565293,10,1,"px_kigali_43",-2.06250000000067,29.9791666666683,"SSRR",43
8,"SR","RR",3,0.444018106791596,10,1,"px_kigali_43",-2.06250000000067,29.9791666666683,"SRRR",43
9,"RR","RR",7,0.285875209687558,10,1,"px_kigali_43",-2.06250000000067,29.9791666666683,"RRRR",43
1,"SS","SS",0,0.0000915224506019415,10,2,"px_kigali_43",-2.06250000000067,29.9791666666683,"SSSS",43
2,"SR","SS",0,0.0005415600585396,10,2,"px_kigali_43",-2.06250000000067,29.9791666666683,"SRSS",43
3,"RR","SS",0,0.000402872490685586,10,2,"px_kigali_43",-2.06250000000067,29.9791666666683,"RRSS",43
4,"SS","SR",0,0.00635000638979621,10,2,"px_kigali_43",-2.06250000000067,29.9791666666683,"SSSR",43
5,"SR","SR",0,0.0375744946684362,10,2,"px_kigali_43",-2.06250000000067,29.9791666666683,"SRSR",43
6,"RR","SR",0,0.0279520803180101,10,2,"px_kigali_43",-2.06250000000067,29.9791666666683,"RRSR",43
7,"SS","RR",0,0.0819044423815316,10,2,"px_kigali_43",-2.06250000000067,29.9791666666683,"SSRR",43
8,"SR","RR",4,0.484648021540789,10,2,"px_kigali_43",-2.06250000000067,29.9791666666683,"SRRR",43
9,"RR","RR",6,0.36053499970161,10,2,"px_kigali_43",-2.06250000000067,29.9791666666683,"RRRR",43
1,"SS","SS",0,0.154369675530362,10,1,"px_kigali_44",-2.06250000000067,30.020833333335,"SSSS",44
2,"SR","SS",1,0.173141604542357,10,1,"px_kigali_44",-2.06250000000067,30.020833333335,"SRSS",44
3,"RR","SS",1,0.0485490675559864,10,1,"px_kigali_44",-2.06250000000067,30.020833333335,"RRSS",44
4,"SS","SR",2,0.194718613190062,10,1,"px_kigali_44",-2.06250000000067,30.020833333335,"SSSR",44
5,"SR","SR",3,0.218397123697775,10,1,"px_kigali_44",-2.06250000000067,30.020833333335,"SRSR",44
6,"RR","SR",0,0.0612387573770143,10,1,"px_kigali_44",-2.06250000000067,30.020833333335,"RRSR",44
7,"SS","RR",0,0.0614034754439156,10,1,"px_kigali_44",-2.06250000000067,30.020833333335,"SSRR",44
8,"SR","RR",3,0.0688703673588128,10,1,"px_kigali_44",-2.06250000000067,30.020833333335,"SRRR",44
9,"RR","RR",0,0.019311315303715,10,1,"px_kigali_44",-2.06250000000067,30.020833333335,"RRRR",44
1,"SS","SS",1,0.0555171450195152,10,2,"px_kigali_44",-2.06250000000067,30.020833333335,"SSSS",44
2,"SR","SS",3,0.138115976505128,10,2,"px_kigali_44",-2.06250000000067,30.020833333335,"SRSS",44
3,"RR","SS",0,0.0445810730855171,10,2,"px_kigali_44",-2.06250000000067,30.020833333335,"RRSS",44
4,"SS","SR",1,0.124574575601581,10,2,"px_kigali_44",-2.06250000000067,30.020833333335,"SSSR",44
5,"SR","SR",4,0.309917578630459,10,2,"px_kigali_44",-2.06250000000067,30.020833333335,"SRSR",44
6,"RR","SR",1,0.100035191967079,10,2,"px_kigali_44",-2.06250000000067,30.020833333335,"RRSR",44
7,"SS","RR",0,0.0529638498513923,10,2,"px_kigali_44",-2.06250000000067,30.020833333335,"SSRR",44
8,"SR","RR",0,0.131763869325856,10,2,"px_kigali_44",-2.06250000000067,30.020833333335,"SRRR",44
9,"RR","RR",0,0.0425307400134729,10,2,"px_kigali_44",-2.06250000000067,30.020833333335,"RRRR",44
1,"SS","SS",0,0.00361762518563438,10,1,"px_kigali_45",-2.06250000000067,30.0625000000017,"SSSS",45
2,"SR","SS",0,0.0213445528126715,10,1,"px_kigali_45",-2.06250000000067,30.0625000000017,"SRSS",45
3,"RR","SS",0,0.0314840476417783,10,1,"px_kigali_45",-2.06250000000067,30.0625000000017,"RRSS",45
4,"SS","SR",0,0.0232181723158672,10,1,"px_kigali_45",-2.06250000000067,30.0625000000017,"SSSR",45
5,"SR","SR",2,0.136990837850669,10,1,"px_kigali_45",-2.06250000000067,30.0625000000017,"SRSR",45
6,"RR","SR",2,0.202066827224278,10,1,"px_kigali_45",-2.06250000000067,30.0625000000017,"RRSR",45
7,"SS","RR",2,0.0372539648273617,10,1,"px_kigali_45",-2.06250000000067,30.0625000000017,"SSRR",45
8,"SR","RR",1,0.21980420273959,10,1,"px_kigali_45",-2.06250000000067,30.0625000000017,"SRRR",45
9,"RR","RR",3,0.324219769402149,10,1,"px_kigali_45",-2.06250000000067,30.0625000000017,"RRRR",45
1,"SS","SS",0,0.000858889813166096,10,2,"px_kigali_45",-2.06250000000067,30.0625000000017,"SSSS",45
2,"SR","SS",0,0.0104440077745946,10,2,"px_kigali_45",-2.06250000000067,30.0625000000017,"SRSS",45
3,"RR","SS",0,0.0175878982209624,10,2,"px_kigali_45",-2.06250000000067,30.0625000000017,"RRSS",45
4,"SS","SR",0,0.00925224773524939,10,2,"px_kigali_45",-2.06250000000067,30.0625000000017,"SSSR",45
5,"SR","SR",0,0.112506337597851,10,2,"px_kigali_45",-2.06250000000067,30.0625000000017,"SRSR",45
6,"RR","SR",4,0.189462709870593,10,2,"px_kigali_45",-2.06250000000067,30.0625000000017,"RRSR",45
7,"SS","RR",0,0.0196177013126715,10,2,"px_kigali_45",-2.06250000000067,30.0625000000017,"SSRR",45
8,"SR","RR",1,0.238549138537278,10,2,"px_kigali_45",-2.06250000000067,30.0625000000017,"SRRR",45
9,"RR","RR",5,0.401721069137634,10,2,"px_kigali_45",-2.06250000000067,30.0625000000017,"RRRR",45
1,"SS","SS",3,0.169091865559402,10,1,"px_kigali_46",-2.06250000000067,30.1041666666683,"SSSS",46
2,"SR","SS",0,0.0506251465843829,10,1,"px_kigali_46",-2.06250000000067,30.1041666666683,"SRSS",46
3,"RR","SS",0,0.00378922051977986,10,1,"px_kigali_46",-2.06250000000067,30.1041666666683,"RRSS",46
4,"SS","SR",6,0.377148662126624,10,1,"px_kigali_46",-2.06250000000067,30.1041666666683,"SSSR",46
5,"SR","SR",0,0.11291617276265,10,1,"px_kigali_46",-2.06250000000067,30.1041666666683,"SRSR",46
6,"RR","SR",0,0.00845161560439275,10,1,"px_kigali_46",-2.06250000000067,30.1041666666683,"RRSR",46
7,"SS","RR",1,0.210301531764859,10,1,"px_kigali_46",-2.06250000000067,30.1041666666683,"SSRR",46
8,"SR","RR",0,0.0629630871792357,10,1,"px_kigali_46",-2.06250000000067,30.1041666666683,"SRRR",46
9,"RR","RR",0,0.00471269789867328,10,1,"px_kigali_46",-2.06250000000067,30.1041666666683,"RRRR",46
1,"SS","SS",2,0.0900123245251428,10,2,"px_kigali_46",-2.06250000000067,30.1041666666683,"SSSS",46
2,"SR","SS",2,0.050113504829339,10,2,"px_kigali_46",-2.06250000000067,30.1041666666683,"SRSS",46
3,"RR","SS",0,0.00422809834678669,10,2,"px_kigali_46",-2.06250000000067,30.1041666666683,"RRSS",46
4,"SS","SR",4,0.311119636604017,10,2,"px_kigali_46",-2.06250000000067,30.1041666666683,"SSSR",46
5,"SR","SR",1,0.173212896052946,10,2,"px_kigali_46",-2.06250000000067,30.1041666666683,"SRSR",46
6,"RR","SR",0,0.0146140478886409,10,2,"px_kigali_46",-2.06250000000067,30.1041666666683,"RRSR",46
7,"SS","RR",0,0.22242103779871,10,2,"px_kigali_46",-2.06250000000067,30.1041666666683,"SSRR",46
8,"SR","RR",1,0.123830795512439,10,2,"px_kigali_46",-2.06250000000067,30.1041666666683,"SRRR",46
9,"RR","RR",0,0.0104476584419795,10,2,"px_kigali_46",-2.06250000000067,30.1041666666683,"RRRR",46
1,"SS","SS",0,0.00913416473731224,10,1,"px_kigali_47",-2.06250000000067,30.145833333335,"SSSS",47
2,"SR","SS",1,0.0985369796858295,10,1,"px_kigali_47",-2.06250000000067,30.145833333335,"SRSS",47
3,"RR","SS",2,0.265747789895883,10,1,"px_kigali_47",-2.06250000000067,30.145833333335,"RRSS",47
4,"SS","SR",1,0.011626815788133,10,1,"px_kigali_47",-2.06250000000067,30.145833333335,"SSSR",47
5,"SR","SR",0,0.125427047143805,10,1,"px_kigali_47",-2.06250000000067,30.145833333335,"SRSR",47
6,"RR","SR",6,0.338268543220087,10,1,"px_kigali_47",-2.06250000000067,30.145833333335,"RRSR",47
7,"SS","RR",0,0.00369992356333513,10,1,"px_kigali_47",-2.06250000000067,30.145833333335,"SSRR",47
8,"SR","RR",0,0.0399138075001211,10,1,"px_kigali_47",-2.06250000000067,30.145833333335,"SRRR",47
9,"RR","RR",0,0.107644928465494,10,1,"px_kigali_47",-2.06250000000067,30.145833333335,"RRRR",47
1,"SS","SS",0,0.00376296330223482,10,2,"px_kigali_47",-2.06250000000067,30.145833333335,"SSSS",47
2,"SR","SS",0,0.0689919962745361,10,2,"px_kigali_47",-2.06250000000067,30.145833333335,"SRSS",47
3,"RR","SS",3,0.207145089700469,10,2,"px_kigali_47",-2.06250000000067,30.145833333335,"RRSS",47
4,"SS","SR",0,0.0069325879862949,10,2,"px_kigali_47",-2.06250000000067,30.145833333335,"SSSR",47
5,"SR","SR",2,0.127105434230329,10,2,"px_kigali_47",-2.06250000000067,30.145833333335,"SRSR",47
6,"RR","SR",4,0.3816278408627,10,2,"px_kigali_47",-2.06250000000067,30.145833333335,"RRSR",47
7,"SS","RR",0,0.00274840240834019,10,2,"px_kigali_47",-2.06250000000067,30.145833333335,"SSRR",47
8,"SR","RR",1,0.0503905442300004,10,2,"px_kigali_47",-2.06250000000067,30.145833333335,"SRRR",47
9,"RR","RR",0,0.151295141005095,10,2,"px_kigali_47",-2.06250000000067,30.145833333335,"RRRR",47
1,"SS","SS",0,0.00665838705767716,10,1,"px_kigali_48",-2.06250000000067,30.1875000000017,"SSSS",48
2,"SR","SS",0,0.0213478489143303,10,1,"px_kigali_48",-2.06250000000067,30.1875000000017,"SRSS",48
3,"RR","SS",0,0.0171111505430575,10,1,"px_kigali_48",-2.06250000000067,30.1875000000017,"RRSS",48
4,"SS","SR",5,0.0493773826944097,10,1,"px_kigali_48",-2.06250000000067,30.1875000000017,"SSSR",48
5,"SR","SR",1,0.158311749739742,10,1,"px_kigali_48",-2.06250000000067,30.1875000000017,"SRSR",48
6,"RR","SR",0,0.126893168178324,10,1,"px_kigali_48",-2.06250000000067,30.1875000000017,"RRSR",48
7,"SS","RR",1,0.0915434136178073,10,1,"px_kigali_48",-2.06250000000067,30.1875000000017,"SSRR",48
8,"SR","RR",1,0.293502757662868,10,1,"px_kigali_48",-2.06250000000067,30.1875000000017,"SRRR",48
9,"RR","RR",2,0.235254141591783,10,1,"px_kigali_48",-2.06250000000067,30.1875000000017,"RRRR",48
1,"SS","SS",0,0.00267542390104697,10,2,"px_kigali_48",-2.06250000000067,30.1875000000017,"SSSS",48
2,"SR","SS",0,0.0138405501305168,10,2,"px_kigali_48",-2.06250000000067,30.1875000000017,"SRSS",48
3,"RR","SS",0,0.0122546871176801,10,2,"px_kigali_48",-2.06250000000067,30.1875000000017,"RRSS",48
4,"SS","SR",0,0.0276244314594098,10,2,"px_kigali_48",-2.06250000000067,30.1875000000017,"SSSR",48
5,"SR","SR",1,0.142907196235844,10,2,"px_kigali_48",-2.06250000000067,30.1875000000017,"SRSR",48
6,"RR","SR",0,0.126532757745938,10,2,"px_kigali_48",-2.06250000000067,30.1875000000017,"RRSR",48
7,"SS","RR",1,0.0626915391427341,10,2,"px_kigali_48",-2.06250000000067,30.1875000000017,"SSRR",48
8,"SR","RR",5,0.32431697643305,10,2,"px_kigali_48",-2.06250000000067,30.1875000000017,"SRRR",48
9,"RR","RR",3,0.287156437833781,10,2,"px_kigali_48",-2.06250000000067,30.1875000000017,"RRRR",48
1,"SS","SS",0,0.00379384912938658,10,1,"px_kigali_49",-2.06250000000067,30.2291666666683,"SSSS",49
2,"SR","SS",0,0.0241354631706838,10,1,"px_kigali_49",-2.06250000000067,30.2291666666683,"SRSS",49
3,"RR","SS",0,0.0383858558027061,10,1,"px_kigali_49",-2.06250000000067,30.2291666666683,"RRSS",49
4,"SS","SR",0,0.0218771096733988,10,1,"px_kigali_49",-2.06250000000067,30.2291666666683,"SSSR",49
5,"SR","SR",2,0.139176376496738,10,1,"px_kigali_49",-2.06250000000067,30.2291666666683,"SRSR",49
6,"RR","SR",3,0.221350809867037,10,1,"px_kigali_49",-2.06250000000067,30.2291666666683,"RRSR",49
7,"SS","RR",0,0.0315384133201474,10,1,"px_kigali_49",-2.06250000000067,30.2291666666683,"SSRR",49
8,"SR","RR",1,0.200639031018426,10,1,"px_kigali_49",-2.06250000000067,30.2291666666683,"SRRR",49
9,"RR","RR",4,0.319103091521477,10,1,"px_kigali_49",-2.06250000000067,30.2291666666683,"RRRR",49
1,"SS","SS",0,0.00154676838474548,10,2,"px_kigali_49",-2.06250000000067,30.2291666666683,"SSSS",49
2,"SR","SS",0,0.0154817032910762,10,2,"px_kigali_49",-2.06250000000067,30.2291666666683,"SRSS",49
3,"RR","SS",1,0.0270920090132592,10,2,"px_kigali_49",-2.06250000000067,30.2291666666683,"RRSS",49
4,"SS","SR",0,0.0121894237474055,10,2,"px_kigali_49",-2.06250000000067,30.2291666666683,"SSSR",49
5,"SR","SR",1,0.122004718746293,10,2,"px_kigali_49",-2.06250000000067,30.2291666666683,"SRSR",49
6,"RR","SR",3,0.213500599888125,10,2,"px_kigali_49",-2.06250000000067,30.2291666666683,"RRSR",49
7,"SS","RR",0,0.0213216395276087,10,2,"px_kigali_49",-2.06250000000067,30.2291666666683,"SSRR",49
8,"SR","RR",3,0.213409648206663,10,2,"px_kigali_49",-2.06250000000067,30.2291666666683,"SRRR",49
9,"RR","RR",2,0.373453489194823,10,2,"px_kigali_49",-2.06250000000067,30.2291666666683,"RRRR",49
